date,country,mportret,currency
2002-04-30,AUSTRALIA,-0.01430197670403899,AUD
2002-05-31,AUSTRALIA,-0.0002037861063343138,AUD
2002-06-27,AUSTRALIA,-0.0267563287945618,AUD
2002-07-31,AUSTRALIA,-0.0378156425170485,AUD
2002-08-30,AUSTRALIA,0.01620786579101297,AUD
2002-09-30,AUSTRALIA,-0.039544643831669,AUD
2002-10-31,AUSTRALIA,0.01212584579317433,AUD
2002-11-29,AUSTRALIA,-0.005521155332501193,AUD
2002-12-31,AUSTRALIA,-0.009940389889125933,AUD
2003-01-31,AUSTRALIA,-0.01397943327548867,AUD
2003-02-28,AUSTRALIA,-0.05311210138177247,AUD
2003-03-31,AUSTRALIA,0.03999540067964014,AUD
2003-04-30,AUSTRALIA,0.04587004202573652,AUD
2003-05-30,AUSTRALIA,0.005079347829713754,AUD
2003-06-30,AUSTRALIA,0.01839815718921511,AUD
2003-07-31,AUSTRALIA,0.03550940936349933,AUD
2003-08-29,AUSTRALIA,0.02834550134459413,AUD
2003-09-30,AUSTRALIA,0.007628967498072958,AUD
2003-10-31,AUSTRALIA,0.03502653786648668,AUD
2003-11-28,AUSTRALIA,-0.01558986639027593,AUD
2003-12-31,AUSTRALIA,0.03594679065453166,AUD
2004-01-30,AUSTRALIA,-0.006855623496702878,AUD
2004-02-27,AUSTRALIA,0.02945887023697358,AUD
2004-03-31,AUSTRALIA,0.02277205606775179,AUD
2004-04-30,AUSTRALIA,-0.008667442076972232,AUD
2004-05-31,AUSTRALIA,0.01152462911260588,AUD
2004-06-30,AUSTRALIA,0.03172364876427181,AUD
2004-07-30,AUSTRALIA,0.008413724492433161,AUD
2004-08-31,AUSTRALIA,0.02057870361802916,AUD
2004-09-30,AUSTRALIA,0.03625664141873819,AUD
2004-10-29,AUSTRALIA,0.03731050757487742,AUD
2004-11-30,AUSTRALIA,0.04624092936683288,AUD
2004-12-31,AUSTRALIA,0.02637726666828066,AUD
2005-01-31,AUSTRALIA,0.019669367714785,AUD
2005-02-28,AUSTRALIA,0.02296971278912663,AUD
2005-03-31,AUSTRALIA,-0.008929420698217228,AUD
2005-04-29,AUSTRALIA,-0.03277439548792749,AUD
2005-05-31,AUSTRALIA,0.02709455978082786,AUD
2005-06-30,AUSTRALIA,0.0453073861166049,AUD
2005-07-28,AUSTRALIA,0.004685857450719366,AUD
2005-08-30,AUSTRALIA,0.01820335713909316,AUD
2005-09-29,AUSTRALIA,0.05001358836254699,AUD
2005-10-31,AUSTRALIA,-0.03535663388814059,AUD
2005-11-30,AUSTRALIA,0.03795396649264582,AUD
2005-12-30,AUSTRALIA,0.02771475603040097,AUD
2006-01-31,AUSTRALIA,0.03607559135079907,AUD
2006-02-28,AUSTRALIA,0.009361227545280348,AUD
2006-03-31,AUSTRALIA,0.04307266637720208,AUD
2006-04-28,AUSTRALIA,0.0276009832607258,AUD
2006-05-31,AUSTRALIA,-0.04372427428484782,AUD
2006-06-30,AUSTRALIA,0.01805267809585698,AUD
2006-07-31,AUSTRALIA,-0.0122670180431379,AUD
2006-08-31,AUSTRALIA,0.03322499646033994,AUD
2006-09-29,AUSTRALIA,0.01336921740549157,AUD
2006-10-31,AUSTRALIA,0.04550999561523073,AUD
2006-11-30,AUSTRALIA,0.02453624914555053,AUD
2006-12-29,AUSTRALIA,0.03797517233451497,AUD
2007-01-31,AUSTRALIA,0.01917954821687107,AUD
2007-02-28,AUSTRALIA,0.0173115681518532,AUD
2007-03-30,AUSTRALIA,0.03472132575551901,AUD
2007-04-30,AUSTRALIA,0.03041024196020792,AUD
2007-05-31,AUSTRALIA,0.02900613053649459,AUD
2007-06-29,AUSTRALIA,0.000746153884241485,AUD
2007-07-31,AUSTRALIA,-0.01753551696743771,AUD
2007-08-31,AUSTRALIA,0.01284458626317697,AUD
2007-09-28,AUSTRALIA,0.05433084017319634,AUD
2007-10-31,AUSTRALIA,0.03305202597247114,AUD
2007-11-30,AUSTRALIA,-0.03602088185919505,AUD
2007-12-31,AUSTRALIA,-0.02099033169029985,AUD
2008-01-31,AUSTRALIA,-0.113562337335932,AUD
2008-02-29,AUSTRALIA,-0.002620175161792027,AUD
2008-03-31,AUSTRALIA,-0.04057157050503946,AUD
2008-04-30,AUSTRALIA,0.04836209475252828,AUD
2008-05-30,AUSTRALIA,0.02682355407145676,AUD
2008-06-30,AUSTRALIA,-0.07644174227633715,AUD
2008-07-31,AUSTRALIA,-0.05166776177535415,AUD
2008-08-29,AUSTRALIA,0.04212055588191488,AUD
2008-09-30,AUSTRALIA,-0.09528051767834333,AUD
2008-10-31,AUSTRALIA,-0.1421209537595365,AUD
2008-11-28,AUSTRALIA,-0.06273984775030139,AUD
2008-12-31,AUSTRALIA,0.003887003245039322,AUD
2009-01-30,AUSTRALIA,-0.05036504190345381,AUD
2009-02-27,AUSTRALIA,-0.04897607177132746,AUD
2009-03-31,AUSTRALIA,0.07866129825697499,AUD
2009-04-30,AUSTRALIA,0.06091857476966278,AUD
2009-05-29,AUSTRALIA,0.01801383754785002,AUD
2009-06-30,AUSTRALIA,0.04141739872283878,AUD
2009-07-31,AUSTRALIA,0.07624401299159023,AUD
2009-08-31,AUSTRALIA,0.06902061405232973,AUD
2009-09-30,AUSTRALIA,0.06270315392162495,AUD
2009-10-30,AUSTRALIA,-0.02126556854149553,AUD
2009-11-30,AUSTRALIA,0.01635289822037489,AUD
2009-12-31,AUSTRALIA,0.03537620023810439,AUD
2010-01-29,AUSTRALIA,-0.05454771144383241,AUD
2010-02-26,AUSTRALIA,0.01707408257968535,AUD
2010-03-31,AUSTRALIA,0.05500679466866942,AUD
2010-04-30,AUSTRALIA,-0.01177128999046939,AUD
2010-05-31,AUSTRALIA,-0.07800977519126384,AUD
2010-06-30,AUSTRALIA,-0.02721099690146866,AUD
2010-07-30,AUSTRALIA,0.04205991020391187,AUD
2010-08-31,AUSTRALIA,-0.008569778005313111,AUD
2010-09-30,AUSTRALIA,0.04967729670588672,AUD
2010-10-29,AUSTRALIA,0.019912349960997,AUD
2010-11-30,AUSTRALIA,-0.006778795860665876,AUD
2010-12-31,AUSTRALIA,0.03873657905265526,AUD
2011-01-31,AUSTRALIA,0.002546934871452633,AUD
2011-02-28,AUSTRALIA,0.02241965218081665,AUD
2011-03-31,AUSTRALIA,0.006587079334689383,AUD
2011-04-29,AUSTRALIA,-0.005761256236047174,AUD
2011-05-31,AUSTRALIA,-0.02085289782101873,AUD
2011-06-30,AUSTRALIA,-0.02333257699616187,AUD
2011-07-29,AUSTRALIA,-0.03260728349787878,AUD
2011-08-31,AUSTRALIA,-0.01969600995806708,AUD
2011-09-30,AUSTRALIA,-0.06247104135482284,AUD
2011-10-31,AUSTRALIA,0.07114143705614007,AUD
2011-11-30,AUSTRALIA,-0.03333531463500439,AUD
2011-12-30,AUSTRALIA,-0.0156546244254836,AUD
2012-01-31,AUSTRALIA,0.0504373943199159,AUD
2012-02-29,AUSTRALIA,0.02513232039938829,AUD
2012-03-30,AUSTRALIA,0.01291519565089061,AUD
2012-04-30,AUSTRALIA,0.01095569556357012,AUD
2012-05-31,AUSTRALIA,-0.0666284656385352,AUD
2012-06-29,AUSTRALIA,0.004031314220579452,AUD
2012-07-31,AUSTRALIA,0.03901811477618211,AUD
2012-08-31,AUSTRALIA,0.02200038631640311,AUD
2012-09-28,AUSTRALIA,0.01990949125105956,AUD
2012-10-31,AUSTRALIA,0.03063138462188175,AUD
2012-11-30,AUSTRALIA,0.002361867727875167,AUD
2012-12-31,AUSTRALIA,0.03317421613315341,AUD
2013-01-31,AUSTRALIA,0.05117429168161514,AUD
2013-02-28,AUSTRALIA,0.05236560042399918,AUD
2013-03-28,AUSTRALIA,-0.02001149889689247,AUD
2013-04-30,AUSTRALIA,0.03970900001498379,AUD
2013-05-31,AUSTRALIA,-0.04679253784713788,AUD
2013-06-28,AUSTRALIA,-0.02494779905068445,AUD
2013-07-31,AUSTRALIA,0.05544547262179056,AUD
2013-08-30,AUSTRALIA,0.02607548759350165,AUD
2013-09-30,AUSTRALIA,0.02312072609922611,AUD
2013-10-31,AUSTRALIA,0.04049592681152903,AUD
2013-11-29,AUSTRALIA,-0.01531149329685066,AUD
2013-12-31,AUSTRALIA,0.007805965211033383,AUD
2014-01-31,AUSTRALIA,-0.0277233789442517,AUD
2014-02-28,AUSTRALIA,0.04876911441959941,AUD
2014-03-31,AUSTRALIA,0.004096975468621755,AUD
2014-04-30,AUSTRALIA,0.01393932068289705,AUD
2014-05-30,AUSTRALIA,0.006480608035395186,AUD
2014-06-30,AUSTRALIA,-0.01504956668381596,AUD
2014-07-31,AUSTRALIA,0.04449671103194119,AUD
2014-08-29,AUSTRALIA,0.007618299923024985,AUD
2014-09-30,AUSTRALIA,-0.05253862244389429,AUD
2014-10-31,AUSTRALIA,0.0405302823521716,AUD
2014-11-28,AUSTRALIA,-0.03276443545141516,AUD
2014-12-31,AUSTRALIA,0.01786215877745145,AUD
2015-01-30,AUSTRALIA,0.03192831759995673,AUD
2015-02-27,AUSTRALIA,0.06671166142548102,AUD
2015-03-31,AUSTRALIA,0.001095955918655855,AUD
2015-04-30,AUSTRALIA,-0.01477714515398143,AUD
2015-05-29,AUSTRALIA,0.004940721790066549,AUD
2015-06-30,AUSTRALIA,-0.0522704608087875,AUD
2015-07-31,AUSTRALIA,0.04182458641801001,AUD
2015-08-31,AUSTRALIA,-0.07327428268948277,AUD
2015-09-30,AUSTRALIA,-0.02690499278281921,AUD
2015-10-30,AUSTRALIA,0.04386702908289331,AUD
2015-11-30,AUSTRALIA,-0.00552345079949379,AUD
2015-12-31,AUSTRALIA,0.02860984769968655,AUD
2016-01-29,AUSTRALIA,-0.05278672380974347,AUD
2016-02-29,AUSTRALIA,-0.01979862605932126,AUD
2016-03-31,AUSTRALIA,0.047315565066957,AUD
2016-04-29,AUSTRALIA,0.03056031834794593,AUD
2016-05-31,AUSTRALIA,0.02962715087244039,AUD
2016-06-30,AUSTRALIA,-0.02165275855873527,AUD
2016-07-29,AUSTRALIA,0.06249479910581046,AUD
2016-08-31,AUSTRALIA,-0.01359381664089199,AUD
2016-09-30,AUSTRALIA,0.004034462670488237,AUD
2016-10-31,AUSTRALIA,-0.02084828963461316,AUD
2016-11-30,AUSTRALIA,0.0239748419131165,AUD
2016-12-30,AUSTRALIA,0.04052578188676725,AUD
2017-01-31,AUSTRALIA,-0.007567022410832291,AUD
2017-02-28,AUSTRALIA,0.02291104233992702,AUD
2017-03-31,AUSTRALIA,0.03204153175812263,AUD
2017-04-28,AUSTRALIA,0.006425365434101105,AUD
2017-05-31,AUSTRALIA,-0.02767850909210434,AUD
2017-06-30,AUSTRALIA,0.001425757356533275,AUD
2017-07-31,AUSTRALIA,0.003942000631717235,AUD
2017-08-31,AUSTRALIA,0.006295050812686442,AUD
2017-09-29,AUSTRALIA,0.0001992166909012827,AUD
2017-10-31,AUSTRALIA,0.04005139947917691,AUD
2017-11-30,AUSTRALIA,0.01961346214334503,AUD
2017-12-29,AUSTRALIA,0.01901249876266831,AUD
2018-01-31,AUSTRALIA,-0.003279204367574118,AUD
2018-02-28,AUSTRALIA,-0.001114431561344054,AUD
2018-03-29,AUSTRALIA,-0.03587498288808044,AUD
2018-04-30,AUSTRALIA,0.03412561829230665,AUD
2018-05-31,AUSTRALIA,0.01415622691927743,AUD
2018-06-29,AUSTRALIA,0.02899516169038918,AUD
2018-07-31,AUSTRALIA,0.0136355463033333,AUD
2018-08-31,AUSTRALIA,0.01906987023722961,AUD
2018-09-28,AUSTRALIA,-0.01220086413207311,AUD
2018-10-31,AUSTRALIA,-0.06355422981079917,AUD
2018-11-30,AUSTRALIA,-0.0220373852957968,AUD
2018-12-31,AUSTRALIA,-0.005473528920809434,AUD
2019-01-31,AUSTRALIA,0.03728777260245875,AUD
2019-02-27,AUSTRALIA,0.05442848448282689,AUD
2019-03-29,AUSTRALIA,0.0008305559809456131,AUD
2019-04-30,AUSTRALIA,0.02403794340508747,AUD
2019-05-31,AUSTRALIA,0.01894740572339582,AUD
2019-06-28,AUSTRALIA,0.03426913349994831,AUD
2019-07-31,AUSTRALIA,0.03136770403250155,AUD
2019-08-30,AUSTRALIA,-0.02068671598310279,AUD
2019-09-30,AUSTRALIA,0.02155154838813877,AUD
2019-10-31,AUSTRALIA,-0.005102633054365979,AUD
2019-11-29,AUSTRALIA,0.02574505523350434,AUD
2019-12-31,AUSTRALIA,-0.01981544392156698,AUD
2020-01-31,AUSTRALIA,0.04655053484736849,AUD
2020-02-28,AUSTRALIA,-0.07981170141369776,AUD
2020-03-31,AUSTRALIA,-0.215960718468412,AUD
2020-04-30,AUSTRALIA,0.09730799763110487,AUD
2020-05-29,AUSTRALIA,0.04950074122387127,AUD
2020-06-30,AUSTRALIA,0.0236463841873864,AUD
2020-07-31,AUSTRALIA,0.01006024687524021,AUD
2020-08-31,AUSTRALIA,0.03846136932891198,AUD
2020-09-30,AUSTRALIA,-0.03326700718346787,AUD
2020-10-30,AUSTRALIA,0.02134850913251518,AUD
2020-11-30,AUSTRALIA,0.1000668458983369,AUD
2020-12-31,AUSTRALIA,0.01767434537094692,AUD
2021-01-29,AUSTRALIA,0.006519621583018997,AUD
2021-02-26,AUSTRALIA,0.01364150555553101,AUD
2021-03-31,AUSTRALIA,0.02103573571621764,AUD
2021-04-30,AUSTRALIA,0.03706215724381212,AUD
2021-05-31,AUSTRALIA,0.02255992020128783,AUD
2021-06-30,AUSTRALIA,0.02464550627153628,AUD
2021-07-30,AUSTRALIA,0.009233830789037167,AUD
2021-08-31,AUSTRALIA,0.02711954109300629,AUD
2021-09-30,AUSTRALIA,-0.01322359300023057,AUD
2021-10-29,AUSTRALIA,0.003676686715473609,AUD
2021-11-30,AUSTRALIA,-0.005028431160388203,AUD
2021-12-31,AUSTRALIA,0.02770352472261983,AUD
2022-01-31,AUSTRALIA,-0.06384825087661439,AUD
2022-02-28,AUSTRALIA,0.01609661347605473,AUD
2022-03-31,AUSTRALIA,0.07078014866545246,AUD
2022-04-29,AUSTRALIA,-0.003000623679822567,AUD
2022-05-31,AUSTRALIA,-0.03538025258108413,AUD
2022-06-30,AUSTRALIA,-0.09396885438614755,AUD
2022-07-29,AUSTRALIA,0.06523708200583034,AUD
2022-08-31,AUSTRALIA,0.01445976470265187,AUD
2022-09-30,AUSTRALIA,-0.06212609975712902,AUD
2022-10-31,AUSTRALIA,0.05333343259359213,AUD
2022-11-30,AUSTRALIA,0.0649128401236514,AUD
2022-12-30,AUSTRALIA,-0.03331473196352319,AUD
2023-01-31,AUSTRALIA,0.06247172556309044,AUD
2023-02-28,AUSTRALIA,-0.02465423241675857,AUD
2023-03-31,AUSTRALIA,-0.003919585455911867,AUD
2023-04-28,AUSTRALIA,0.01705427725193642,AUD
2023-05-31,AUSTRALIA,-0.02887447365754026,AUD
2023-06-30,AUSTRALIA,0.01890982292264876,AUD
2023-07-31,AUSTRALIA,0.02872139420514852,AUD
2023-08-31,AUSTRALIA,-0.006819660097676872,AUD
2023-09-29,AUSTRALIA,-0.02569557292836688,AUD
2023-10-31,AUSTRALIA,-0.03815195611091082,AUD
2023-11-30,AUSTRALIA,0.04851561323486231,AUD
2023-12-29,AUSTRALIA,0.071966505328801,AUD
2024-01-31,AUSTRALIA,0.0120989930751827,AUD
2024-02-29,AUSTRALIA,0.01173656167780446,AUD
2024-03-28,AUSTRALIA,0.02898602218261992,AUD
2024-04-30,AUSTRALIA,-0.0286301648954389,AUD
2024-05-31,AUSTRALIA,0.009118971526655084,AUD
2024-06-28,AUSTRALIA,0.00904466983279284,AUD
2024-07-31,AUSTRALIA,0.03806329569392219,AUD
2024-08-30,AUSTRALIA,0.005075416824753098,AUD
2024-09-30,AUSTRALIA,0.03362835577612699,AUD
2024-10-31,AUSTRALIA,-0.01188328725498866,AUD
2024-11-29,AUSTRALIA,0.03535283764645913,AUD
2024-12-31,AUSTRALIA,-0.02988934897722351,AUD
2002-04-30,SWITZERLAND,-0.004108600886055469,CHF
2002-05-31,SWITZERLAND,0.002962876773781042,CHF
2002-06-28,SWITZERLAND,-0.08168697279660064,CHF
2002-07-31,SWITZERLAND,-0.132371446432722,CHF
2002-08-30,SWITZERLAND,0.005082533196073546,CHF
2002-09-30,SWITZERLAND,-0.08946342154475884,CHF
2002-10-31,SWITZERLAND,0.03038492451640118,CHF
2002-11-29,SWITZERLAND,0.03793621981121142,CHF
2002-12-30,SWITZERLAND,-0.08584674727399155,CHF
2003-01-31,SWITZERLAND,-0.05012404061413644,CHF
2003-02-28,SWITZERLAND,-0.05277759898623025,CHF
2003-03-31,SWITZERLAND,-0.008524093152222356,CHF
2003-04-30,SWITZERLAND,0.1207559097102815,CHF
2003-05-30,SWITZERLAND,0.008882750272712236,CHF
2003-06-30,SWITZERLAND,0.03579119076364901,CHF
2003-07-31,SWITZERLAND,0.04822376496526615,CHF
2003-08-29,SWITZERLAND,0.02113966014970714,CHF
2003-09-30,SWITZERLAND,-0.01518622943684456,CHF
2003-10-31,SWITZERLAND,0.04199662696469431,CHF
2003-11-28,SWITZERLAND,0.01781650004381752,CHF
2003-12-30,SWITZERLAND,0.02643645439270026,CHF
2004-01-30,SWITZERLAND,0.04890809013518438,CHF
2004-02-27,SWITZERLAND,0.01552806073056878,CHF
2004-03-31,SWITZERLAND,-0.02440345554822843,CHF
2004-04-30,SWITZERLAND,0.03024793722916952,CHF
2004-05-28,SWITZERLAND,-0.02197134319734295,CHF
2004-06-30,SWITZERLAND,0.007052410417177857,CHF
2004-07-30,SWITZERLAND,-0.01991695216169764,CHF
2004-08-31,SWITZERLAND,-0.01679285903127092,CHF
2004-09-30,SWITZERLAND,0.007489306741529811,CHF
2004-10-29,SWITZERLAND,-0.01257841454991793,CHF
2004-11-30,SWITZERLAND,0.01944659369032475,CHF
2004-12-30,SWITZERLAND,0.03891825644727609,CHF
2005-01-31,SWITZERLAND,0.0240910111981858,CHF
2005-02-28,SWITZERLAND,0.03499084032024014,CHF
2005-03-31,SWITZERLAND,-0.003293760517636635,CHF
2005-04-29,SWITZERLAND,-0.01358990074142952,CHF
2005-05-31,SWITZERLAND,0.03839051425261197,CHF
2005-06-30,SWITZERLAND,0.02152698624154437,CHF
2005-07-29,SWITZERLAND,0.05399236634340232,CHF
2005-08-31,SWITZERLAND,-0.009147631543739099,CHF
2005-09-30,SWITZERLAND,0.06090912855701891,CHF
2005-10-31,SWITZERLAND,0.004746050802441282,CHF
2005-11-30,SWITZERLAND,0.04946886306109999,CHF
2005-12-30,SWITZERLAND,0.02899436934993593,CHF
2006-01-31,SWITZERLAND,0.03439750542828501,CHF
2006-02-28,SWITZERLAND,0.02169930179234547,CHF
2006-03-31,SWITZERLAND,0.02703057435658085,CHF
2006-04-28,SWITZERLAND,0.01799906746911684,CHF
2006-05-31,SWITZERLAND,-0.05556877410771688,CHF
2006-06-30,SWITZERLAND,-0.003213569873800948,CHF
2006-07-31,SWITZERLAND,0.02961459092955532,CHF
2006-08-31,SWITZERLAND,0.02935941060837988,CHF
2006-09-29,SWITZERLAND,0.0428711345238304,CHF
2006-10-31,SWITZERLAND,0.02312096013592724,CHF
2006-11-30,SWITZERLAND,-0.003701534726373024,CHF
2006-12-29,SWITZERLAND,0.0467568258060973,CHF
2007-01-31,SWITZERLAND,0.04172539832566891,CHF
2007-02-28,SWITZERLAND,-0.03336364855398988,CHF
2007-03-30,SWITZERLAND,0.03313868859142222,CHF
2007-04-30,SWITZERLAND,0.05970205307018639,CHF
2007-05-31,SWITZERLAND,0.01256352946385131,CHF
2007-06-29,SWITZERLAND,-0.02268377211638883,CHF
2007-07-31,SWITZERLAND,-0.03467914555011231,CHF
2007-08-31,SWITZERLAND,-0.00650230775227556,CHF
2007-09-28,SWITZERLAND,0.00466002495315232,CHF
2007-10-31,SWITZERLAND,0.02139756920127134,CHF
2007-11-30,SWITZERLAND,-0.03890276283763072,CHF
2007-12-28,SWITZERLAND,-0.02454841657713758,CHF
2008-01-31,SWITZERLAND,-0.1079018594332506,CHF
2008-02-29,SWITZERLAND,-0.0124256409812239,CHF
2008-03-31,SWITZERLAND,-0.035577931963924,CHF
2008-04-30,SWITZERLAND,0.06851847208921735,CHF
2008-05-30,SWITZERLAND,0.01164000069891391,CHF
2008-06-30,SWITZERLAND,-0.0885614587741248,CHF
2008-07-31,SWITZERLAND,0.0110030860082293,CHF
2008-08-29,SWITZERLAND,0.02360564687559719,CHF
2008-09-30,SWITZERLAND,-0.08827069944524979,CHF
2008-10-31,SWITZERLAND,-0.1111429515766185,CHF
2008-11-28,SWITZERLAND,-0.054547827390103,CHF
2008-12-30,SWITZERLAND,-0.04013595709084827,CHF
2009-01-30,SWITZERLAND,-0.04643855054900237,CHF
2009-02-27,SWITZERLAND,-0.09422320823708186,CHF
2009-03-31,SWITZERLAND,0.0227252695069895,CHF
2009-04-30,SWITZERLAND,0.1163538750788748,CHF
2009-05-29,SWITZERLAND,0.03241071544761076,CHF
2009-06-30,SWITZERLAND,0.008284505115127017,CHF
2009-07-31,SWITZERLAND,0.08442782393779602,CHF
2009-08-31,SWITZERLAND,0.04920076931408635,CHF
2009-09-30,SWITZERLAND,0.02817495164115735,CHF
2009-10-30,SWITZERLAND,-0.00991600831356565,CHF
2009-11-30,SWITZERLAND,-0.001930901983954403,CHF
2009-12-30,SWITZERLAND,0.03944159399896918,CHF
2010-01-29,SWITZERLAND,-0.01070683112339543,CHF
2010-02-26,SWITZERLAND,0.03361494192838399,CHF
2010-03-31,SWITZERLAND,0.04706909341211074,CHF
2010-04-30,SWITZERLAND,-0.01907073012329707,CHF
2010-05-31,SWITZERLAND,-0.03886380613462603,CHF
2010-06-30,SWITZERLAND,-0.02052215114030187,CHF
2010-07-30,SWITZERLAND,0.02793380568634807,CHF
2010-08-31,SWITZERLAND,-0.0079542132924455,CHF
2010-09-30,SWITZERLAND,0.02954617158197137,CHF
2010-10-29,SWITZERLAND,0.02293608031921135,CHF
2010-11-30,SWITZERLAND,-0.01673028423092926,CHF
2010-12-30,SWITZERLAND,0.02716272613254089,CHF
2011-01-31,SWITZERLAND,0.0007421154916422701,CHF
2011-02-28,SWITZERLAND,0.02677813550618113,CHF
2011-03-31,SWITZERLAND,-0.02261233447304378,CHF
2011-04-29,SWITZERLAND,0.03494601361777194,CHF
2011-05-31,SWITZERLAND,-0.004174970044294124,CHF
2011-06-30,SWITZERLAND,-0.05628056613016297,CHF
2011-07-29,SWITZERLAND,-0.07474279243834459,CHF
2011-08-31,SWITZERLAND,-0.05359159728414375,CHF
2011-09-30,SWITZERLAND,-0.01206735866623432,CHF
2011-10-31,SWITZERLAND,0.04404277863503325,CHF
2011-11-30,SWITZERLAND,-0.01962733699761976,CHF
2011-12-30,SWITZERLAND,0.03476888279523971,CHF
2012-01-31,SWITZERLAND,0.01552001775822065,CHF
2012-02-29,SWITZERLAND,0.03572641405080224,CHF
2012-03-30,SWITZERLAND,0.021706561404091,CHF
2012-04-30,SWITZERLAND,-0.009363026894827042,CHF
2012-05-31,SWITZERLAND,-0.03489789906297169,CHF
2012-06-29,SWITZERLAND,0.02562489646691191,CHF
2012-07-31,SWITZERLAND,0.04640357913162796,CHF
2012-08-31,SWITZERLAND,-0.001145050421576643,CHF
2012-09-28,SWITZERLAND,0.0191927902756881,CHF
2012-10-31,SWITZERLAND,0.01516088095683044,CHF
2012-11-30,SWITZERLAND,0.02992051242259586,CHF
2012-12-28,SWITZERLAND,0.001684124899746786,CHF
2013-01-31,SWITZERLAND,0.07071937147226759,CHF
2013-02-28,SWITZERLAND,0.03251796770346704,CHF
2013-03-28,SWITZERLAND,0.0256353199302477,CHF
2013-04-30,SWITZERLAND,0.02131764142636139,CHF
2013-05-31,SWITZERLAND,0.004596145406764451,CHF
2013-06-28,SWITZERLAND,-0.03345474213527178,CHF
2013-07-31,SWITZERLAND,0.0286813952457603,CHF
2013-08-30,SWITZERLAND,-0.009471116605754393,CHF
2013-09-30,SWITZERLAND,0.03307105247235587,CHF
2013-10-31,SWITZERLAND,0.02702635980395551,CHF
2013-11-29,SWITZERLAND,0.004718034105428703,CHF
2013-12-30,SWITZERLAND,-0.001563437255103328,CHF
2014-01-31,SWITZERLAND,0.001645136704095274,CHF
2014-02-28,SWITZERLAND,0.03461262401238407,CHF
2014-03-31,SWITZERLAND,0.00570990203195243,CHF
2014-04-30,SWITZERLAND,0.01903900842324191,CHF
2014-05-30,SWITZERLAND,0.0253323363738891,CHF
2014-06-30,SWITZERLAND,-0.01437005746650533,CHF
2014-07-31,SWITZERLAND,-0.02398435944836974,CHF
2014-08-29,SWITZERLAND,0.03032033492957598,CHF
2014-09-30,SWITZERLAND,0.007757579485364596,CHF
2014-10-31,SWITZERLAND,-0.001555430346150466,CHF
2014-11-28,SWITZERLAND,0.03648781585806704,CHF
2014-12-30,SWITZERLAND,-0.00901237820066858,CHF
2015-01-30,SWITZERLAND,-0.06448212667198272,CHF
2015-02-27,SWITZERLAND,0.08463760545304755,CHF
2015-03-31,SWITZERLAND,0.0188984703985513,CHF
2015-04-30,SWITZERLAND,0.007827285109187176,CHF
2015-05-29,SWITZERLAND,0.016971115608309,CHF
2015-06-30,SWITZERLAND,-0.0464277994915413,CHF
2015-07-31,SWITZERLAND,0.0676018651041197,CHF
2015-08-31,SWITZERLAND,-0.05631145896627032,CHF
2015-09-30,SWITZERLAND,-0.03158973277859456,CHF
2015-10-30,SWITZERLAND,0.05011642628438007,CHF
2015-11-30,SWITZERLAND,0.0055992909930207,CHF
2015-12-30,SWITZERLAND,-0.01697951500199468,CHF
2016-01-29,SWITZERLAND,-0.04501946033515658,CHF
2016-02-29,SWITZERLAND,-0.035448232726081,CHF
2016-03-31,SWITZERLAND,0.001320244996024122,CHF
2016-04-29,SWITZERLAND,0.02589650852830605,CHF
2016-05-31,SWITZERLAND,0.02969037414218434,CHF
2016-06-30,SWITZERLAND,-0.01763890645548749,CHF
2016-07-29,SWITZERLAND,0.02363363207415325,CHF
2016-08-31,SWITZERLAND,0.01424881328306693,CHF
2016-09-30,SWITZERLAND,-0.002285620012951739,CHF
2016-10-31,SWITZERLAND,-0.02910590430095006,CHF
2016-11-30,SWITZERLAND,0.01279901423163388,CHF
2016-12-30,SWITZERLAND,0.0371820199123285,CHF
2017-01-31,SWITZERLAND,0.01063438510554215,CHF
2017-02-28,SWITZERLAND,0.0297936836260988,CHF
2017-03-31,SWITZERLAND,0.02821670856447267,CHF
2017-04-28,SWITZERLAND,0.03767017982799525,CHF
2017-05-31,SWITZERLAND,0.02433141732106336,CHF
2017-06-30,SWITZERLAND,0.004140760263798615,CHF
2017-07-31,SWITZERLAND,0.01617365637787338,CHF
2017-08-31,SWITZERLAND,-0.01411466533815975,CHF
2017-09-29,SWITZERLAND,0.0298744644718083,CHF
2017-10-30,SWITZERLAND,0.01872083938904101,CHF
2017-11-30,SWITZERLAND,-0.0008475298586186897,CHF
2017-12-29,SWITZERLAND,0.005984731261127196,CHF
2018-01-31,SWITZERLAND,0.00901591683109948,CHF
2018-02-28,SWITZERLAND,-0.04463183066118492,CHF
2018-03-29,SWITZERLAND,-0.01247471949781531,CHF
2018-04-30,SWITZERLAND,0.03422384402641288,CHF
2018-05-31,SWITZERLAND,-0.0328412264280481,CHF
2018-06-29,SWITZERLAND,0.02278854900206606,CHF
2018-07-31,SWITZERLAND,0.04576777058234893,CHF
2018-08-31,SWITZERLAND,-0.01580614622932963,CHF
2018-09-28,SWITZERLAND,0.003349651171242085,CHF
2018-10-31,SWITZERLAND,-0.02315616983772395,CHF
2018-11-30,SWITZERLAND,-0.008265446068380866,CHF
2018-12-28,SWITZERLAND,-0.04712001105805108,CHF
2019-01-31,SWITZERLAND,0.06988686202752947,CHF
2019-02-28,SWITZERLAND,0.04069292530636925,CHF
2019-03-29,SWITZERLAND,0.01398055951420529,CHF
2019-04-30,SWITZERLAND,0.04322201635421763,CHF
2019-05-31,SWITZERLAND,-0.02076101654389129,CHF
2019-06-28,SWITZERLAND,0.03168896066119054,CHF
2019-07-31,SWITZERLAND,0.00827707473498318,CHF
2019-08-30,SWITZERLAND,-0.00288250748031682,CHF
2019-09-30,SWITZERLAND,0.008050099611878636,CHF
2019-10-31,SWITZERLAND,0.005700495176471421,CHF
2019-11-29,SWITZERLAND,0.02407759821430777,CHF
2019-12-30,SWITZERLAND,0.01176914181824129,CHF
2020-01-31,SWITZERLAND,-0.0001033204314285774,CHF
2020-02-28,SWITZERLAND,-0.07418873492253186,CHF
2020-03-31,SWITZERLAND,-0.06762701665786852,CHF
2020-04-30,SWITZERLAND,0.04549775867193606,CHF
2020-05-29,SWITZERLAND,0.03190589282856471,CHF
2020-06-30,SWITZERLAND,0.01953021354836526,CHF
2020-07-31,SWITZERLAND,0.004164061684365006,CHF
2020-08-31,SWITZERLAND,0.02431497152607554,CHF
2020-09-30,SWITZERLAND,0.003823376994126049,CHF
2020-10-30,SWITZERLAND,-0.05319475799450113,CHF
2020-11-30,SWITZERLAND,0.09002533643085786,CHF
2020-12-30,SWITZERLAND,0.02275965974012029,CHF
2021-01-29,SWITZERLAND,-0.009069419997007944,CHF
2021-02-26,SWITZERLAND,-0.000343273564176183,CHF
2021-03-31,SWITZERLAND,0.0684635135578453,CHF
2021-04-30,SWITZERLAND,0.01629796075296475,CHF
2021-05-31,SWITZERLAND,0.03290338281870731,CHF
2021-06-30,SWITZERLAND,0.0375060154755642,CHF
2021-07-30,SWITZERLAND,0.02039233180529609,CHF
2021-08-31,SWITZERLAND,0.02290053457446972,CHF
2021-09-30,SWITZERLAND,-0.05619668731542415,CHF
2021-10-29,SWITZERLAND,0.03559994107203535,CHF
2021-11-30,SWITZERLAND,-0.009939528705508627,CHF
2021-12-30,SWITZERLAND,0.05994610868363415,CHF
2022-01-31,SWITZERLAND,-0.05941780639773675,CHF
2022-02-28,SWITZERLAND,-0.0182234051268424,CHF
2022-03-31,SWITZERLAND,0.01926718259984961,CHF
2022-04-29,SWITZERLAND,0.004170191804211409,CHF
2022-05-31,SWITZERLAND,-0.03615782866354211,CHF
2022-06-30,SWITZERLAND,-0.07799698163545232,CHF
2022-07-29,SWITZERLAND,0.04928342156029153,CHF
2022-08-31,SWITZERLAND,-0.0312354388751761,CHF
2022-09-30,SWITZERLAND,-0.07132226615345183,CHF
2022-10-31,SWITZERLAND,0.04379169126185301,CHF
2022-11-30,SWITZERLAND,0.0441750828810763,CHF
2022-12-30,SWITZERLAND,-0.03085647571709005,CHF
2023-01-31,SWITZERLAND,0.05885067332640048,CHF
2023-02-28,SWITZERLAND,-0.01491037034635756,CHF
2023-03-31,SWITZERLAND,0.02570289100999124,CHF
2023-04-28,SWITZERLAND,0.03121683229910799,CHF
2023-05-31,SWITZERLAND,-0.02290603466512697,CHF
2023-06-30,SWITZERLAND,0.006270295724440489,CHF
2023-07-31,SWITZERLAND,0.003180021020011248,CHF
2023-08-31,SWITZERLAND,-0.02422447679579287,CHF
2023-09-29,SWITZERLAND,-0.01447237559618009,CHF
2023-10-31,SWITZERLAND,-0.05196354687793026,CHF
2023-11-30,SWITZERLAND,0.04389201315807423,CHF
2023-12-29,SWITZERLAND,0.02128041214596044,CHF
2024-01-31,SWITZERLAND,0.01206667459509858,CHF
2024-02-29,SWITZERLAND,0.01614465270433452,CHF
2024-03-28,SWITZERLAND,0.03276386798306485,CHF
2024-04-30,SWITZERLAND,-0.01925584163497784,CHF
2024-05-31,SWITZERLAND,0.05374610583194284,CHF
2024-06-28,SWITZERLAND,-0.006396657378489823,CHF
2024-07-31,SWITZERLAND,0.01066280560187383,CHF
2024-08-30,SWITZERLAND,0.004710811507836032,CHF
2024-09-30,SWITZERLAND,-0.01149973181563391,CHF
2024-10-31,SWITZERLAND,-0.03130319304100604,CHF
2024-11-29,SWITZERLAND,3.18279529973875e-05,CHF
2024-12-30,SWITZERLAND,-0.01096998827138507,CHF
2002-04-30,GERMANY,-0.04503050927279895,EUR
2002-05-31,GERMANY,-0.02570275725082583,EUR
2002-06-28,GERMANY,-0.06868206430340273,EUR
2002-07-31,GERMANY,-0.1088935054266933,EUR
2002-08-30,GERMANY,-0.002896127521029301,EUR
2002-09-30,GERMANY,-0.2049060347087815,EUR
2002-10-31,GERMANY,0.1037245988851792,EUR
2002-11-29,GERMANY,0.02766204897936619,EUR
2002-12-30,GERMANY,-0.09606701254445182,EUR
2003-01-31,GERMANY,-0.03336839414503268,EUR
2003-02-28,GERMANY,-0.05303907967940413,EUR
2003-03-31,GERMANY,-0.03705810891259143,EUR
2003-04-30,GERMANY,0.168037364399549,EUR
2003-05-30,GERMANY,0.02277435815686979,EUR
2003-06-30,GERMANY,0.06728761702509667,EUR
2003-07-31,GERMANY,0.06126926522913645,EUR
2003-08-29,GERMANY,0.01023912463370924,EUR
2003-09-30,GERMANY,-0.04506047186013762,EUR
2003-10-31,GERMANY,0.09687500585832876,EUR
2003-11-28,GERMANY,0.01622644503836579,EUR
2003-12-30,GERMANY,0.03447016342219977,EUR
2004-01-30,GERMANY,0.03699637714203452,EUR
2004-02-27,GERMANY,-0.002518525644999992,EUR
2004-03-31,GERMANY,-0.03072577210131777,EUR
2004-04-30,GERMANY,0.0281226188282464,EUR
2004-05-31,GERMANY,-0.01306700390227178,EUR
2004-06-30,GERMANY,0.02859297587774545,EUR
2004-07-30,GERMANY,-0.03049072402642494,EUR
2004-08-31,GERMANY,-0.02567654700856503,EUR
2004-09-30,GERMANY,0.02392609946294044,EUR
2004-10-29,GERMANY,0.01284279342504346,EUR
2004-11-30,GERMANY,0.04076781925826523,EUR
2004-12-30,GERMANY,0.02728570903468475,EUR
2005-01-31,GERMANY,0.00928566989402313,EUR
2005-02-28,GERMANY,0.02535432362596013,EUR
2005-03-31,GERMANY,-0.00306811040787458,EUR
2005-04-29,GERMANY,-0.03022888883214503,EUR
2005-05-31,GERMANY,0.05657733159918843,EUR
2005-06-30,GERMANY,0.02973727913554125,EUR
2005-07-28,GERMANY,0.06250589947182017,EUR
2005-08-30,GERMANY,-0.008364462160313835,EUR
2005-09-29,GERMANY,0.03533405841387638,EUR
2005-10-31,GERMANY,-0.02422998358780626,EUR
2005-11-30,GERMANY,0.04094722648486027,EUR
2005-12-30,GERMANY,0.0372955345228656,EUR
2006-01-31,GERMANY,0.05586618996569226,EUR
2006-02-28,GERMANY,0.03256186396691918,EUR
2006-03-31,GERMANY,0.03145447812753277,EUR
2006-04-28,GERMANY,0.007991402316696705,EUR
2006-05-31,GERMANY,-0.04955182293972371,EUR
2006-06-30,GERMANY,-0.006040433623052954,EUR
2006-07-31,GERMANY,0.003304528326623313,EUR
2006-08-31,GERMANY,0.02743157963414311,EUR
2006-09-29,GERMANY,0.03154202712093035,EUR
2006-10-31,GERMANY,0.03586010583345889,EUR
2006-11-30,GERMANY,0.005527999460878563,EUR
2006-12-29,GERMANY,0.04767575886547992,EUR
2007-01-31,GERMANY,0.03414502965609389,EUR
2007-02-28,GERMANY,-0.006850511201826337,EUR
2007-03-30,GERMANY,0.03349290265872717,EUR
2007-04-30,GERMANY,0.0537072983490241,EUR
2007-05-31,GERMANY,0.05122017341944463,EUR
2007-06-29,GERMANY,0.006595447204866378,EUR
2007-07-31,GERMANY,-0.03832445271918072,EUR
2007-08-31,GERMANY,-0.003736127936040501,EUR
2007-09-28,GERMANY,0.02070066289455186,EUR
2007-10-31,GERMANY,0.02598954348246774,EUR
2007-11-30,GERMANY,-0.0237011785053427,EUR
2007-12-28,GERMANY,0.01396479911915827,EUR
2008-01-31,GERMANY,-0.1259735932816214,EUR
2008-02-29,GERMANY,-0.00316510188507102,EUR
2008-03-31,GERMANY,-0.02621587116529767,EUR
2008-04-30,GERMANY,0.05304950804320097,EUR
2008-05-30,GERMANY,0.0221492828342309,EUR
2008-06-30,GERMANY,-0.0818622223416765,EUR
2008-07-31,GERMANY,-0.007464798865443489,EUR
2008-08-29,GERMANY,-0.003865107522831646,EUR
2008-09-30,GERMANY,-0.08621236722423098,EUR
2008-10-31,GERMANY,-0.2327256413785735,EUR
2008-11-28,GERMANY,-0.04678537710483821,EUR
2008-12-30,GERMANY,0.04026055610124679,EUR
2009-01-30,GERMANY,-0.09211999037456642,EUR
2009-02-27,GERMANY,-0.0987365302611053,EUR
2009-03-31,GERMANY,0.04031704804134439,EUR
2009-04-30,GERMANY,0.156294807980722,EUR
2009-05-29,GERMANY,0.04100252535799243,EUR
2009-06-30,GERMANY,-0.02216966631725925,EUR
2009-07-31,GERMANY,0.08519277058588592,EUR
2009-08-31,GERMANY,-0.001240755155240247,EUR
2009-09-30,GERMANY,0.03344782651565903,EUR
2009-10-30,GERMANY,-0.03849549944148267,EUR
2009-11-30,GERMANY,0.03068731396477875,EUR
2009-12-30,GERMANY,0.04832201729007002,EUR
2010-01-29,GERMANY,-0.04113352346609711,EUR
2010-02-26,GERMANY,-0.005374318025172298,EUR
2010-03-31,GERMANY,0.08629872867066424,EUR
2010-04-30,GERMANY,0.003723920482454401,EUR
2010-05-31,GERMANY,-0.02860315520634693,EUR
2010-06-30,GERMANY,0.004466152666897871,EUR
2010-07-30,GERMANY,0.03065069859619984,EUR
2010-08-31,GERMANY,-0.02917718181788853,EUR
2010-09-30,GERMANY,0.05558177523814933,EUR
2010-10-29,GERMANY,0.0547751813561792,EUR
2010-11-30,GERMANY,0.006349084636113833,EUR
2010-12-30,GERMANY,0.04174532906315864,EUR
2011-01-31,GERMANY,0.01711332875550853,EUR
2011-02-28,GERMANY,0.02212781829810573,EUR
2011-03-31,GERMANY,-0.01801665128115271,EUR
2011-04-29,GERMANY,0.05206662445487842,EUR
2011-05-31,GERMANY,-0.01857546208015182,EUR
2011-06-30,GERMANY,0.008480432294309947,EUR
2011-07-29,GERMANY,-0.0322438727832326,EUR
2011-08-31,GERMANY,-0.1641240718273915,EUR
2011-09-30,GERMANY,-0.05708379009607312,EUR
2011-10-31,GERMANY,0.1003123436064308,EUR
2011-11-30,GERMANY,-0.01116064725113419,EUR
2011-12-30,GERMANY,-0.02517133504797742,EUR
2012-01-31,GERMANY,0.08684157684844052,EUR
2012-02-29,GERMANY,0.05536496175094641,EUR
2012-03-30,GERMANY,0.01219582535915453,EUR
2012-04-30,GERMANY,-0.01594297365952535,EUR
2012-05-31,GERMANY,-0.06416642471876022,EUR
2012-06-29,GERMANY,0.01537192700204604,EUR
2012-07-31,GERMANY,0.04777541877817071,EUR
2012-08-31,GERMANY,0.01974869950242719,EUR
2012-09-28,GERMANY,0.02479578476172994,EUR
2012-10-31,GERMANY,0.01645084660199547,EUR
2012-11-30,GERMANY,0.02065980291427438,EUR
2012-12-28,GERMANY,0.02142652760552921,EUR
2013-01-31,GERMANY,0.02783088808407208,EUR
2013-02-28,GERMANY,0.003187271056020569,EUR
2013-03-28,GERMANY,0.004507300301603401,EUR
2013-04-30,GERMANY,0.01180022283096416,EUR
2013-05-31,GERMANY,0.04956262638635489,EUR
2013-06-28,GERMANY,-0.03785415183156138,EUR
2013-07-31,GERMANY,0.0382357119722041,EUR
2013-08-30,GERMANY,-0.01097802800893066,EUR
2013-09-30,GERMANY,0.05121680046006216,EUR
2013-10-31,GERMANY,0.05140437662744968,EUR
2013-11-29,GERMANY,0.03587286429585279,EUR
2013-12-30,GERMANY,0.01172612019251895,EUR
2014-01-31,GERMANY,-0.02074849736537265,EUR
2014-02-28,GERMANY,0.0382978380243808,EUR
2014-03-31,GERMANY,-0.01205573922255265,EUR
2014-04-30,GERMANY,0.002209803555826007,EUR
2014-05-30,GERMANY,0.03457227748732694,EUR
2014-06-30,GERMANY,-0.007670089992936724,EUR
2014-07-31,GERMANY,-0.04068276433340223,EUR
2014-08-29,GERMANY,0.005248906243764173,EUR
2014-09-30,GERMANY,-0.003101070210948076,EUR
2014-10-31,GERMANY,-0.0183662977483976,EUR
2014-11-28,GERMANY,0.06248075540154208,EUR
2014-12-30,GERMANY,-0.01110768422491781,EUR
2015-01-30,GERMANY,0.08408823599125959,EUR
2015-02-27,GERMANY,0.06396731960439772,EUR
2015-03-31,GERMANY,0.04280528022494545,EUR
2015-04-30,GERMANY,-0.03308282768619319,EUR
2015-05-29,GERMANY,0.0017524317159332,EUR
2015-06-30,GERMANY,-0.03587994197254363,EUR
2015-07-31,GERMANY,0.03381894689313936,EUR
2015-08-31,GERMANY,-0.07605578720134365,EUR
2015-09-30,GERMANY,-0.04651121275087045,EUR
2015-10-30,GERMANY,0.1070549615588117,EUR
2015-11-30,GERMANY,0.0374486835692005,EUR
2015-12-30,GERMANY,-0.04158971638617748,EUR
2016-01-29,GERMANY,-0.07669037201572848,EUR
2016-02-29,GERMANY,-0.02434013717641859,EUR
2016-03-31,GERMANY,0.0439047695317869,EUR
2016-04-29,GERMANY,0.003357311692463449,EUR
2016-05-31,GERMANY,0.02322020480820708,EUR
2016-06-30,GERMANY,-0.05302307964099362,EUR
2016-07-29,GERMANY,0.06288137978581321,EUR
2016-08-31,GERMANY,0.01765639449897405,EUR
2016-09-30,GERMANY,-0.0001940652655094688,EUR
2016-10-31,GERMANY,0.004313319229167778,EUR
2016-11-30,GERMANY,-0.007398170679178584,EUR
2016-12-30,GERMANY,0.06917894964913263,EUR
2017-01-31,GERMANY,0.01072097709537312,EUR
2017-02-28,GERMANY,0.02489599286771527,EUR
2017-03-31,GERMANY,0.03475201832634478,EUR
2017-04-28,GERMANY,0.0146778201469997,EUR
2017-05-31,GERMANY,0.02161973092669767,EUR
2017-06-30,GERMANY,-0.02285855413372351,EUR
2017-07-31,GERMANY,-0.003611465349229848,EUR
2017-08-31,GERMANY,-0.0005638626026105431,EUR
2017-09-29,GERMANY,0.05830322400207311,EUR
2017-10-30,GERMANY,0.0284630396426,EUR
2017-11-30,GERMANY,-0.01131409865654109,EUR
2017-12-29,GERMANY,-0.0004661440508254566,EUR
2018-01-31,GERMANY,0.02096627677461238,EUR
2018-02-28,GERMANY,-0.04499008809815574,EUR
2018-03-29,GERMANY,-0.02261990657411617,EUR
2018-04-30,GERMANY,0.03645922729916573,EUR
2018-05-31,GERMANY,0.0027783520499296,EUR
2018-06-29,GERMANY,-0.03248289135824722,EUR
2018-07-31,GERMANY,0.03763052019481306,EUR
2018-08-31,GERMANY,-0.01990819793132603,EUR
2018-09-28,GERMANY,-0.0190355457140361,EUR
2018-10-31,GERMANY,-0.06173781390950295,EUR
2018-11-30,GERMANY,-0.0220930279409276,EUR
2018-12-28,GERMANY,-0.03375344117385537,EUR
2019-01-31,GERMANY,0.06044725219684666,EUR
2019-02-28,GERMANY,0.02170103357065578,EUR
2019-03-29,GERMANY,0.001734201441781158,EUR
2019-04-30,GERMANY,0.0664669705025176,EUR
2019-05-31,GERMANY,-0.05183965752015185,EUR
2019-06-28,GERMANY,0.04540355275089381,EUR
2019-07-31,GERMANY,-0.01277803653264753,EUR
2019-08-30,GERMANY,-0.01252196622050494,EUR
2019-09-30,GERMANY,0.03132080267227222,EUR
2019-10-31,GERMANY,0.04055859386560501,EUR
2019-11-29,GERMANY,0.03259204525275305,EUR
2019-12-30,GERMANY,0.007119000208627657,EUR
2020-01-31,GERMANY,-0.01274613850272788,EUR
2020-02-28,GERMANY,-0.0793698393484914,EUR
2020-03-31,GERMANY,-0.14710558352086,EUR
2020-04-30,GERMANY,0.1011924505140291,EUR
2020-05-29,GERMANY,0.06774804585003213,EUR
2020-06-30,GERMANY,0.03814447023271339,EUR
2020-07-31,GERMANY,-0.003107764341079622,EUR
2020-08-31,GERMANY,0.04921134209852807,EUR
2020-09-30,GERMANY,-0.009245312686117058,EUR
2020-10-30,GERMANY,-0.07983106464748035,EUR
2020-11-30,GERMANY,0.1334196631443667,EUR
2020-12-30,GERMANY,0.04069091692705729,EUR
2021-01-29,GERMANY,0.0001030943390432082,EUR
2021-02-26,GERMANY,0.02120789976568904,EUR
2021-03-31,GERMANY,0.07269970819865823,EUR
2021-04-30,GERMANY,0.01447181417186583,EUR
2021-05-31,GERMANY,0.02527089033205687,EUR
2021-06-30,GERMANY,0.01586983393702757,EUR
2021-07-30,GERMANY,0.006669697971361188,EUR
2021-08-31,GERMANY,0.02302311356821263,EUR
2021-09-30,GERMANY,-0.03491189208266976,EUR
2021-10-29,GERMANY,0.01899864417381658,EUR
2021-11-30,GERMANY,-0.02971535552509974,EUR
2021-12-30,GERMANY,0.03846073657444871,EUR
2022-01-31,GERMANY,-0.03490793188520602,EUR
2022-02-28,GERMANY,-0.05836922810649847,EUR
2022-03-31,GERMANY,-0.01174348696819394,EUR
2022-04-29,GERMANY,-0.01930312607166906,EUR
2022-05-31,GERMANY,0.01801978958260464,EUR
2022-06-30,GERMANY,-0.1193620837952246,EUR
2022-07-29,GERMANY,0.05412091872473579,EUR
2022-08-31,GERMANY,-0.05574362842895164,EUR
2022-09-30,GERMANY,-0.08319262095881863,EUR
2022-10-31,GERMANY,0.07746051540525101,EUR
2022-11-30,GERMANY,0.08657600349526362,EUR
2022-12-30,GERMANY,-0.03529657498610472,EUR
2023-01-31,GERMANY,0.09556160209335007,EUR
2023-02-28,GERMANY,0.01470028589628636,EUR
2023-03-31,GERMANY,0.01397259009725893,EUR
2023-04-28,GERMANY,0.01529746363637807,EUR
2023-05-31,GERMANY,-0.02173975227076497,EUR
2023-06-30,GERMANY,0.02781865520449567,EUR
2023-07-31,GERMANY,0.02191969453167086,EUR
2023-08-31,GERMANY,-0.03399144075487281,EUR
2023-09-29,GERMANY,-0.03553849048880386,EUR
2023-10-31,GERMANY,-0.04529086139854865,EUR
2023-11-30,GERMANY,0.0794917570021747,EUR
2023-12-29,GERMANY,0.02718639612334939,EUR
2024-01-31,GERMANY,0.003692762907643754,EUR
2024-02-29,GERMANY,0.03157962301842732,EUR
2024-03-28,GERMANY,0.03884987169481002,EUR
2024-04-30,GERMANY,-0.02154606459348363,EUR
2024-05-31,GERMANY,0.02987153680189092,EUR
2024-06-28,GERMANY,-0.01083455544517953,EUR
2024-07-31,GERMANY,0.00373923048430469,EUR
2024-08-30,GERMANY,0.01757924049053239,EUR
2024-09-30,GERMANY,0.02633083144403359,EUR
2024-10-31,GERMANY,-0.02057030918983715,EUR
2024-11-29,GERMANY,0.0198209614294369,EUR
2024-12-30,GERMANY,0.006986289089141007,EUR
2002-04-30,FRANCE,-0.04398771419918168,EUR
2002-05-31,FRANCE,-0.02801613361115196,EUR
2002-06-28,FRANCE,-0.08080614698761635,EUR
2002-07-31,FRANCE,-0.1040689705811716,EUR
2002-08-30,FRANCE,-0.004620804684870916,EUR
2002-09-30,FRANCE,-0.1486060307348732,EUR
2002-10-31,FRANCE,0.110464698817814,EUR
2002-11-29,FRANCE,0.04619122972474554,EUR
2002-12-31,FRANCE,-0.06453506334374581,EUR
2003-01-31,FRANCE,-0.04087202515856581,EUR
2003-02-28,FRANCE,-0.05236947729889507,EUR
2003-03-31,FRANCE,-0.04377499365650139,EUR
2003-04-30,FRANCE,0.1133562378549047,EUR
2003-05-30,FRANCE,0.0324044178522922,EUR
2003-06-30,FRANCE,0.0340942273782896,EUR
2003-07-31,FRANCE,0.0365150685747293,EUR
2003-08-29,FRANCE,0.03406625469605995,EUR
2003-09-30,FRANCE,-0.03979810373033288,EUR
2003-10-31,FRANCE,0.06688413522944181,EUR
2003-11-28,FRANCE,0.01337523369926918,EUR
2003-12-31,FRANCE,0.03296252284958889,EUR
2004-01-30,FRANCE,0.02888472981783385,EUR
2004-02-27,FRANCE,0.02668339721255886,EUR
2004-03-31,FRANCE,-0.01902719367229355,EUR
2004-04-30,FRANCE,0.009195504129692278,EUR
2004-05-31,FRANCE,0.01013727191446034,EUR
2004-06-30,FRANCE,0.02594549589978223,EUR
2004-07-30,FRANCE,-0.01866370706292275,EUR
2004-08-31,FRANCE,-0.008705546410460063,EUR
2004-09-30,FRANCE,0.01408604609972941,EUR
2004-10-29,FRANCE,0.0170118794728229,EUR
2004-11-30,FRANCE,0.01555452180661909,EUR
2004-12-31,FRANCE,0.02283710605096045,EUR
2005-01-31,FRANCE,0.03071853707570638,EUR
2005-02-28,FRANCE,0.03422237128648642,EUR
2005-03-31,FRANCE,0.008202942642090427,EUR
2005-04-29,FRANCE,-0.027646432935165,EUR
2005-05-31,FRANCE,0.0616427370179824,EUR
2005-06-30,FRANCE,0.0321266441903576,EUR
2005-07-28,FRANCE,0.05093138797203123,EUR
2005-08-30,FRANCE,-0.01550732010559419,EUR
2005-09-29,FRANCE,0.04219485851800986,EUR
2005-10-31,FRANCE,-0.03824998850895434,EUR
2005-11-30,FRANCE,0.03126371365494629,EUR
2005-12-30,FRANCE,0.03265566630362082,EUR
2006-01-31,FRANCE,0.04600885663781074,EUR
2006-02-28,FRANCE,0.01356126340530439,EUR
2006-03-31,FRANCE,0.04218491022080251,EUR
2006-04-28,FRANCE,0.001797557051466558,EUR
2006-05-31,FRANCE,-0.03886258610265625,EUR
2006-06-30,FRANCE,0.01169520031878446,EUR
2006-07-31,FRANCE,0.00976196114347827,EUR
2006-08-31,FRANCE,0.03223478329219476,EUR
2006-09-29,FRANCE,0.01680218920610144,EUR
2006-10-31,FRANCE,0.02147302258856687,EUR
2006-11-30,FRANCE,0.005786279524991222,EUR
2006-12-29,FRANCE,0.04468112482976161,EUR
2007-01-31,FRANCE,0.01086706347448207,EUR
2007-02-28,FRANCE,-0.01034306838570453,EUR
2007-03-30,FRANCE,0.03189924815359513,EUR
2007-04-30,FRANCE,0.04686050153007004,EUR
2007-05-31,FRANCE,0.04321923917579573,EUR
2007-06-29,FRANCE,0.005176091682386863,EUR
2007-07-31,FRANCE,-0.04619635774830966,EUR
2007-08-31,FRANCE,-0.01775193967271693,EUR
2007-09-28,FRANCE,0.003111667691360953,EUR
2007-10-31,FRANCE,0.02804007739747316,EUR
2007-11-30,FRANCE,-0.02828003314632599,EUR
2007-12-31,FRANCE,-0.01110451819902325,EUR
2008-01-31,FRANCE,-0.1365413152889038,EUR
2008-02-29,FRANCE,-0.0188779511227678,EUR
2008-03-31,FRANCE,-0.01893486595555305,EUR
2008-04-30,FRANCE,0.06956499407481664,EUR
2008-05-30,FRANCE,0.02205259788209313,EUR
2008-06-30,FRANCE,-0.1115683844688197,EUR
2008-07-31,FRANCE,-0.02016182906292308,EUR
2008-08-29,FRANCE,0.02613780620808726,EUR
2008-09-30,FRANCE,-0.09387163673703791,EUR
2008-10-31,FRANCE,-0.1290264033839014,EUR
2008-11-28,FRANCE,-0.0529609097182705,EUR
2008-12-31,FRANCE,-0.008208052506719077,EUR
2009-01-30,FRANCE,-0.06627004739532616,EUR
2009-02-27,FRANCE,-0.09356640695141016,EUR
2009-03-31,FRANCE,0.03414196320366658,EUR
2009-04-30,FRANCE,0.1347778600424077,EUR
2009-05-29,FRANCE,0.04777285052568914,EUR
2009-06-30,FRANCE,-0.02853362464943732,EUR
2009-07-31,FRANCE,0.07909740173157287,EUR
2009-08-31,FRANCE,0.07632562166736911,EUR
2009-09-30,FRANCE,0.04983251729990368,EUR
2009-10-30,FRANCE,-0.03776446415585244,EUR
2009-11-30,FRANCE,0.0109299800512479,EUR
2009-12-31,FRANCE,0.05575112263904258,EUR
2010-01-29,FRANCE,-0.03273428736213202,EUR
2010-02-26,FRANCE,-0.01019419811273881,EUR
2010-03-31,FRANCE,0.0688209437356575,EUR
2010-04-30,FRANCE,-0.02094934099466894,EUR
2010-05-31,FRANCE,-0.05283468889094523,EUR
2010-06-30,FRANCE,-0.01477176968183946,EUR
2010-07-30,FRANCE,0.05507932580444685,EUR
2010-08-31,FRANCE,-0.03310904410700766,EUR
2010-09-30,FRANCE,0.06550667060241944,EUR
2010-10-29,FRANCE,0.03653379645919475,EUR
2010-11-30,FRANCE,-0.04724786436040762,EUR
2010-12-31,FRANCE,0.04969179087129061,EUR
2011-01-31,FRANCE,0.03835358337869077,EUR
2011-02-28,FRANCE,0.02620450019567389,EUR
2011-03-31,FRANCE,-0.02596192643237683,EUR
2011-04-29,FRANCE,0.0332429364105058,EUR
2011-05-31,FRANCE,0.00412361556667129,EUR
2011-06-30,FRANCE,-0.002411074074625374,EUR
2011-07-29,FRANCE,-0.05840608014247484,EUR
2011-08-31,FRANCE,-0.0997675288293911,EUR
2011-09-30,FRANCE,-0.08143274975703141,EUR
2011-10-31,FRANCE,0.07368930085079173,EUR
2011-11-30,FRANCE,-0.03549692464138665,EUR
2011-12-30,FRANCE,-0.003439880526528882,EUR
2012-01-31,FRANCE,0.05188589219105455,EUR
2012-02-29,FRANCE,0.0458546249085594,EUR
2012-03-30,FRANCE,-0.002478868419297897,EUR
2012-04-30,FRANCE,-0.04659924251970571,EUR
2012-05-31,FRANCE,-0.0433736693959953,EUR
2012-06-29,FRANCE,0.05700670363366434,EUR
2012-07-31,FRANCE,0.0240243082452356,EUR
2012-08-31,FRANCE,0.0337067177479311,EUR
2012-09-28,FRANCE,-0.00478617858661412,EUR
2012-10-31,FRANCE,0.01999413882567325,EUR
2012-11-30,FRANCE,0.03781801667206652,EUR
2012-12-31,FRANCE,0.01829831843746899,EUR
2013-01-31,FRANCE,0.03026734765700922,EUR
2013-02-28,FRANCE,0.006938253696688879,EUR
2013-03-28,FRANCE,0.008749103068504072,EUR
2013-04-30,FRANCE,0.03283871701850849,EUR
2013-05-31,FRANCE,0.04012021757316009,EUR
2013-06-28,FRANCE,-0.04512304061150318,EUR
2013-07-31,FRANCE,0.06979302956149369,EUR
2013-08-30,FRANCE,-0.01157412217702658,EUR
2013-09-30,FRANCE,0.05806802518409238,EUR
2013-10-31,FRANCE,0.03539430174670399,EUR
2013-11-29,FRANCE,0.003571772041661037,EUR
2013-12-31,FRANCE,0.003883790747460036,EUR
2014-01-31,FRANCE,-0.01902216498173337,EUR
2014-02-28,FRANCE,0.06102457777608605,EUR
2014-03-31,FRANCE,0.004910612410616855,EUR
2014-04-30,FRANCE,0.02114013642086121,EUR
2014-05-30,FRANCE,0.02321593151433077,EUR
2014-06-30,FRANCE,-0.0175375870602793,EUR
2014-07-31,FRANCE,-0.03312903818500168,EUR
2014-08-29,FRANCE,0.02031638057186957,EUR
2014-09-30,FRANCE,8.404290350649823e-05,EUR
2014-10-31,FRANCE,-0.02926495017903319,EUR
2014-11-28,FRANCE,0.04396277421702321,EUR
2014-12-31,FRANCE,-0.008756276423282694,EUR
2015-01-30,FRANCE,0.07510062403758933,EUR
2015-02-27,FRANCE,0.07024248673636935,EUR
2015-03-31,FRANCE,0.01413389982269786,EUR
2015-04-30,FRANCE,0.01064856067799558,EUR
2015-05-29,FRANCE,0.008513490610252195,EUR
2015-06-30,FRANCE,-0.04139782504871958,EUR
2015-07-31,FRANCE,0.05799014112593337,EUR
2015-08-31,FRANCE,-0.07781950600977916,EUR
2015-09-30,FRANCE,-0.03735011326452964,EUR
2015-10-30,FRANCE,0.08578232964390886,EUR
2015-11-30,FRANCE,0.009761080074942807,EUR
2015-12-30,FRANCE,-0.04109723620168138,EUR
2016-01-29,FRANCE,-0.0396071527806845,EUR
2016-02-29,FRANCE,-0.01564560157711714,EUR
2016-03-31,FRANCE,0.01166182034571217,EUR
2016-04-29,FRANCE,0.01470040244014648,EUR
2016-05-31,FRANCE,0.02889138891202614,EUR
2016-06-30,FRANCE,-0.05159323894676915,EUR
2016-07-29,FRANCE,0.04587845318865691,EUR
2016-08-31,FRANCE,0.003482962058610761,EUR
2016-09-30,FRANCE,0.003263488032158701,EUR
2016-10-31,FRANCE,0.0148180127453732,EUR
2016-11-30,FRANCE,0.007692355543304386,EUR
2016-12-30,FRANCE,0.06164015799556988,EUR
2017-01-31,FRANCE,-0.01204111491850235,EUR
2017-02-28,FRANCE,0.01640926152520383,EUR
2017-03-31,FRANCE,0.05590418691418853,EUR
2017-04-28,FRANCE,0.03965376229704032,EUR
2017-05-31,FRANCE,0.03308762634592233,EUR
2017-06-30,FRANCE,-0.02015552765553119,EUR
2017-07-31,FRANCE,-0.007294038444150219,EUR
2017-08-31,FRANCE,0.005673090918713486,EUR
2017-09-29,FRANCE,0.04423757396183525,EUR
2017-10-31,FRANCE,0.02769432055846743,EUR
2017-11-30,FRANCE,-0.01554421710274867,EUR
2017-12-29,FRANCE,-0.003298415510193831,EUR
2018-01-31,FRANCE,0.02933292282473543,EUR
2018-02-28,FRANCE,-0.02980304447883542,EUR
2018-03-29,FRANCE,-0.01292201143430682,EUR
2018-04-30,FRANCE,0.06424543928899507,EUR
2018-05-31,FRANCE,0.004070535125097585,EUR
2018-06-29,FRANCE,-0.02315479592062919,EUR
2018-07-31,FRANCE,0.02452851980659454,EUR
2018-08-31,FRANCE,-0.005709031956279254,EUR
2018-09-28,FRANCE,0.00977875024245245,EUR
2018-10-31,FRANCE,-0.07083111007543319,EUR
2018-11-30,FRANCE,-0.01923906116916707,EUR
2018-12-31,FRANCE,-0.01695641491420263,EUR
2019-01-31,FRANCE,0.05315509053053158,EUR
2019-02-27,FRANCE,0.03669111915063228,EUR
2019-03-29,FRANCE,0.009529797545524854,EUR
2019-04-30,FRANCE,0.04849194282935154,EUR
2019-05-31,FRANCE,-0.04649619561979124,EUR
2019-06-28,FRANCE,0.05536299708804648,EUR
2019-07-31,FRANCE,-0.001773656613960117,EUR
2019-08-30,FRANCE,-0.004870703463428105,EUR
2019-09-30,FRANCE,0.02840717737166409,EUR
2019-10-31,FRANCE,0.02181891473012376,EUR
2019-11-29,FRANCE,0.03079844289427114,EUR
2019-12-31,FRANCE,0.01403532239232064,EUR
2020-01-31,FRANCE,-0.01800104511500134,EUR
2020-02-28,FRANCE,-0.07329457390368932,EUR
2020-03-31,FRANCE,-0.1602620648781626,EUR
2020-04-30,FRANCE,0.05154505683174659,EUR
2020-05-29,FRANCE,0.0417052442518806,EUR
2020-06-30,FRANCE,0.04194195873115114,EUR
2020-07-31,FRANCE,-0.02338875560098952,EUR
2020-08-31,FRANCE,0.03409645030522412,EUR
2020-09-30,FRANCE,-0.01907364522186183,EUR
2020-10-30,FRANCE,-0.0329953533209788,EUR
2020-11-30,FRANCE,0.1773091720599271,EUR
2020-12-31,FRANCE,0.01620907423679618,EUR
2021-01-29,FRANCE,-0.02698421812970375,EUR
2021-02-26,FRANCE,0.05159878490759984,EUR
2021-03-31,FRANCE,0.06092470586445753,EUR
2021-04-30,FRANCE,0.04988986002439066,EUR
2021-05-31,FRANCE,0.03516544158887225,EUR
2021-06-30,FRANCE,0.01437111426641291,EUR
2021-07-30,FRANCE,0.01503309188567314,EUR
2021-08-31,FRANCE,0.00388719814263383,EUR
2021-09-30,FRANCE,-0.02741789888286628,EUR
2021-10-29,FRANCE,0.05902385826564016,EUR
2021-11-30,FRANCE,-0.00269308837050497,EUR
2021-12-31,FRANCE,0.04513619941261937,EUR
2022-01-31,FRANCE,-0.03767067445079142,EUR
2022-02-28,FRANCE,-0.04840178012787455,EUR
2022-03-31,FRANCE,0.004904218896158996,EUR
2022-04-29,FRANCE,-0.01784867779869781,EUR
2022-05-31,FRANCE,-0.004684675642832148,EUR
2022-06-30,FRANCE,-0.06911843699597786,EUR
2022-07-29,FRANCE,0.104523940886275,EUR
2022-08-31,FRANCE,-0.04751974620851684,EUR
2022-09-30,FRANCE,-0.06189726746363489,EUR
2022-10-31,FRANCE,0.06908302221422336,EUR
2022-11-30,FRANCE,0.08341323546349111,EUR
2022-12-30,FRANCE,-0.03780568653129124,EUR
2023-01-31,FRANCE,0.0988833975111949,EUR
2023-02-28,FRANCE,0.01574979518943587,EUR
2023-03-31,FRANCE,0.01373002647772381,EUR
2023-04-28,FRANCE,0.03273489639085914,EUR
2023-05-31,FRANCE,-0.0399512020351892,EUR
2023-06-30,FRANCE,0.03911473439457702,EUR
2023-07-31,FRANCE,0.007735747046279551,EUR
2023-08-31,FRANCE,-0.0311316176525599,EUR
2023-09-29,FRANCE,-0.03987741265929379,EUR
2023-10-31,FRANCE,-0.0365001305094883,EUR
2023-11-30,FRANCE,0.05814462258538589,EUR
2023-12-29,FRANCE,0.03636568612398183,EUR
2024-01-31,FRANCE,0.0182639133242366,EUR
2024-02-29,FRANCE,0.03566156066326265,EUR
2024-03-28,FRANCE,0.02399329564371055,EUR
2024-04-30,FRANCE,-0.01870097950290694,EUR
2024-05-31,FRANCE,0.0152726198102846,EUR
2024-06-28,FRANCE,-0.06179816431433904,EUR
2024-07-31,FRANCE,0.002655194036260466,EUR
2024-08-30,FRANCE,0.01777065828154734,EUR
2024-09-30,FRANCE,0.008739757721620611,EUR
2024-10-31,FRANCE,-0.05135598963142507,EUR
2024-11-29,FRANCE,-0.02104217905053796,EUR
2024-12-31,FRANCE,0.03523258617644576,EUR
2002-04-30,UNITED KINGDOM,-0.0133618831903719,GBP
2002-05-31,UNITED KINGDOM,-0.01148246305709233,GBP
2002-06-28,UNITED KINGDOM,-0.08252496459209613,GBP
2002-07-31,UNITED KINGDOM,-0.0895299311778891,GBP
2002-08-30,UNITED KINGDOM,0.002873971507485917,GBP
2002-09-30,UNITED KINGDOM,-0.1144181698518124,GBP
2002-10-31,UNITED KINGDOM,0.07450893293125072,GBP
2002-11-29,UNITED KINGDOM,0.03204279041304492,GBP
2002-12-31,UNITED KINGDOM,-0.05098543787396714,GBP
2003-01-31,UNITED KINGDOM,-0.08849549927060307,GBP
2003-02-28,UNITED KINGDOM,0.02743282089242949,GBP
2003-03-31,UNITED KINGDOM,-0.00448067197590718,GBP
2003-04-30,UNITED KINGDOM,0.09095430651634007,GBP
2003-05-30,UNITED KINGDOM,0.04300003035456257,GBP
2003-06-30,UNITED KINGDOM,0.003323250587577098,GBP
2003-07-31,UNITED KINGDOM,0.03608175483155285,GBP
2003-08-29,UNITED KINGDOM,0.01320322814594155,GBP
2003-09-30,UNITED KINGDOM,-0.01319276742246422,GBP
2003-10-31,UNITED KINGDOM,0.04674695460273748,GBP
2003-11-28,UNITED KINGDOM,0.01424284128783948,GBP
2003-12-31,UNITED KINGDOM,0.02888523683087363,GBP
2004-01-30,UNITED KINGDOM,-0.0105483119872013,GBP
2004-02-27,UNITED KINGDOM,0.02801264583708729,GBP
2004-03-31,UNITED KINGDOM,-0.01265876821214962,GBP
2004-04-30,UNITED KINGDOM,0.02442071480837571,GBP
2004-05-28,UNITED KINGDOM,-0.01304183581750162,GBP
2004-06-30,UNITED KINGDOM,0.01358815342409203,GBP
2004-07-30,UNITED KINGDOM,-0.01475262648398101,GBP
2004-08-31,UNITED KINGDOM,0.01571430084452863,GBP
2004-09-30,UNITED KINGDOM,0.02574498539133363,GBP
2004-10-29,UNITED KINGDOM,0.01391543266734452,GBP
2004-11-30,UNITED KINGDOM,0.02191896920773595,GBP
2004-12-31,UNITED KINGDOM,0.02884837099545456,GBP
2005-01-31,UNITED KINGDOM,0.01209777260352363,GBP
2005-02-28,UNITED KINGDOM,0.02453547682328483,GBP
2005-03-31,UNITED KINGDOM,-0.008188619994028978,GBP
2005-04-29,UNITED KINGDOM,-0.01963169229230899,GBP
2005-05-31,UNITED KINGDOM,0.03715534997670344,GBP
2005-06-30,UNITED KINGDOM,0.03188289188706483,GBP
2005-07-29,UNITED KINGDOM,0.03391512729018809,GBP
2005-08-31,UNITED KINGDOM,0.008508156416072277,GBP
2005-09-30,UNITED KINGDOM,0.03118138072697851,GBP
2005-10-31,UNITED KINGDOM,-0.02385014098376959,GBP
2005-11-30,UNITED KINGDOM,0.0299169539144819,GBP
2005-12-30,UNITED KINGDOM,0.04147978815591125,GBP
2006-01-31,UNITED KINGDOM,0.02056965221100704,GBP
2006-02-28,UNITED KINGDOM,0.02147349464065518,GBP
2006-03-31,UNITED KINGDOM,0.03523909845420481,GBP
2006-04-28,UNITED KINGDOM,0.00804867779767826,GBP
2006-05-31,UNITED KINGDOM,-0.04665853729058134,GBP
2006-06-30,UNITED KINGDOM,0.02002834048673141,GBP
2006-07-31,UNITED KINGDOM,0.01334733780030328,GBP
2006-08-31,UNITED KINGDOM,0.007455990017726677,GBP
2006-09-29,UNITED KINGDOM,0.01771473468770801,GBP
2006-10-31,UNITED KINGDOM,0.02863340876988829,GBP
2006-11-30,UNITED KINGDOM,-0.002037743339083686,GBP
2006-12-29,UNITED KINGDOM,0.03397886354042523,GBP
2007-01-31,UNITED KINGDOM,-0.001682235587604719,GBP
2007-02-28,UNITED KINGDOM,-0.001677815385967341,GBP
2007-03-30,UNITED KINGDOM,0.03223094988729036,GBP
2007-04-30,UNITED KINGDOM,0.02336296599236709,GBP
2007-05-31,UNITED KINGDOM,0.02568970443965424,GBP
2007-06-29,UNITED KINGDOM,-0.0115276173028217,GBP
2007-07-31,UNITED KINGDOM,-0.03487305944180796,GBP
2007-08-31,UNITED KINGDOM,-0.001803846431653322,GBP
2007-09-28,UNITED KINGDOM,0.01343160947675526,GBP
2007-10-31,UNITED KINGDOM,0.04366424536488145,GBP
2007-11-30,UNITED KINGDOM,-0.04276501515454423,GBP
2007-12-31,UNITED KINGDOM,-0.0002349959368594945,GBP
2008-01-31,UNITED KINGDOM,-0.08825506592526944,GBP
2008-02-29,UNITED KINGDOM,0.006300327708840703,GBP
2008-03-31,UNITED KINGDOM,-0.01657119637047444,GBP
2008-04-30,UNITED KINGDOM,0.05297434577963811,GBP
2008-05-30,UNITED KINGDOM,-0.004656137661075754,GBP
2008-06-30,UNITED KINGDOM,-0.07310679465898273,GBP
2008-07-31,UNITED KINGDOM,-0.03446181371277857,GBP
2008-08-29,UNITED KINGDOM,0.05130905894272675,GBP
2008-09-30,UNITED KINGDOM,-0.1230828394140185,GBP
2008-10-31,UNITED KINGDOM,-0.1159180062360001,GBP
2008-11-28,UNITED KINGDOM,-0.02397109905783701,GBP
2008-12-31,UNITED KINGDOM,0.03504243763260884,GBP
2009-01-30,UNITED KINGDOM,-0.05778558570812875,GBP
2009-02-27,UNITED KINGDOM,-0.06246959390579165,GBP
2009-03-31,UNITED KINGDOM,0.01838255616578421,GBP
2009-04-30,UNITED KINGDOM,0.09423117558273231,GBP
2009-05-29,UNITED KINGDOM,0.0418709419872163,GBP
2009-06-30,UNITED KINGDOM,-0.02555409766806283,GBP
2009-07-31,UNITED KINGDOM,0.08704014706577778,GBP
2009-08-28,UNITED KINGDOM,0.08085338874386871,GBP
2009-09-30,UNITED KINGDOM,0.04176750161256493,GBP
2009-10-30,UNITED KINGDOM,-0.01959621362178909,GBP
2009-11-30,UNITED KINGDOM,0.02098565271611408,GBP
2009-12-31,UNITED KINGDOM,0.04181465783345639,GBP
2010-01-29,UNITED KINGDOM,-0.03045129001944435,GBP
2010-02-26,UNITED KINGDOM,0.03300628763688618,GBP
2010-03-31,UNITED KINGDOM,0.06437880130655671,GBP
2010-04-30,UNITED KINGDOM,-0.009742805216140238,GBP
2010-05-28,UNITED KINGDOM,-0.06512578340987263,GBP
2010-06-30,UNITED KINGDOM,-0.04248044612607604,GBP
2010-07-30,UNITED KINGDOM,0.07249313071334385,GBP
2010-08-31,UNITED KINGDOM,-0.002288753157881351,GBP
2010-09-30,UNITED KINGDOM,0.06131632859603697,GBP
2010-10-29,UNITED KINGDOM,0.01911909917331633,GBP
2010-11-30,UNITED KINGDOM,-0.02585680624703446,GBP
2010-12-31,UNITED KINGDOM,0.0674280574449937,GBP
2011-01-31,UNITED KINGDOM,-0.003603124005781,GBP
2011-02-28,UNITED KINGDOM,0.02387949621255836,GBP
2011-03-31,UNITED KINGDOM,-0.01394131744452543,GBP
2011-04-28,UNITED KINGDOM,0.0302868511353418,GBP
2011-05-31,UNITED KINGDOM,-0.003721824831885323,GBP
2011-06-30,UNITED KINGDOM,-0.006060529300233819,GBP
2011-07-29,UNITED KINGDOM,-0.02147606684996428,GBP
2011-08-31,UNITED KINGDOM,-0.07255287387725251,GBP
2011-09-30,UNITED KINGDOM,-0.04377643012612309,GBP
2011-10-31,UNITED KINGDOM,0.07290890703051334,GBP
2011-11-30,UNITED KINGDOM,-0.00763798983087971,GBP
2011-12-30,UNITED KINGDOM,0.005615163508686072,GBP
2012-01-31,UNITED KINGDOM,0.02855610178110624,GBP
2012-02-29,UNITED KINGDOM,0.04385043423225188,GBP
2012-03-30,UNITED KINGDOM,-0.004073746373898235,GBP
2012-04-30,UNITED KINGDOM,-0.006313180906758808,GBP
2012-05-31,UNITED KINGDOM,-0.06231337107716761,GBP
2012-06-29,UNITED KINGDOM,0.05063623109083126,GBP
2012-07-31,UNITED KINGDOM,0.01289296552710795,GBP
2012-08-31,UNITED KINGDOM,0.01705587762360383,GBP
2012-09-28,UNITED KINGDOM,0.0119813073347208,GBP
2012-10-31,UNITED KINGDOM,0.01171174698043509,GBP
2012-11-30,UNITED KINGDOM,0.02085610472319055,GBP
2012-12-31,UNITED KINGDOM,0.01054069356937259,GBP
2013-01-31,UNITED KINGDOM,0.06180364729864829,GBP
2013-02-28,UNITED KINGDOM,0.0268537987708064,GBP
2013-03-28,UNITED KINGDOM,0.01233905879875286,GBP
2013-04-30,UNITED KINGDOM,0.00802466387446965,GBP
2013-05-31,UNITED KINGDOM,0.02553908412785355,GBP
2013-06-28,UNITED KINGDOM,-0.04652811887389841,GBP
2013-07-31,UNITED KINGDOM,0.06603751811051217,GBP
2013-08-30,UNITED KINGDOM,-0.02168267560841786,GBP
2013-09-30,UNITED KINGDOM,0.01149870337360159,GBP
2013-10-31,UNITED KINGDOM,0.02686458556527027,GBP
2013-11-29,UNITED KINGDOM,-0.00751262636767791,GBP
2013-12-31,UNITED KINGDOM,0.01779096978715833,GBP
2014-01-31,UNITED KINGDOM,-0.03032661190143815,GBP
2014-02-28,UNITED KINGDOM,0.04842187439277756,GBP
2014-03-31,UNITED KINGDOM,-0.02925269937435182,GBP
2014-04-30,UNITED KINGDOM,0.01351494393472819,GBP
2014-05-30,UNITED KINGDOM,0.01724365320034371,GBP
2014-06-30,UNITED KINGDOM,-0.01940932365379078,GBP
2014-07-31,UNITED KINGDOM,-0.009829980101991542,GBP
2014-08-29,UNITED KINGDOM,0.01914917964190366,GBP
2014-09-30,UNITED KINGDOM,-0.02552560117956404,GBP
2014-10-31,UNITED KINGDOM,-0.006604957879338236,GBP
2014-11-28,UNITED KINGDOM,0.02836994597725506,GBP
2014-12-31,UNITED KINGDOM,-0.01602244360769856,GBP
2015-01-30,UNITED KINGDOM,0.0254704623699844,GBP
2015-02-27,UNITED KINGDOM,0.03106263282513022,GBP
2015-03-31,UNITED KINGDOM,-0.01912695281990673,GBP
2015-04-30,UNITED KINGDOM,0.0286134239629241,GBP
2015-05-29,UNITED KINGDOM,0.006433845871540056,GBP
2015-06-30,UNITED KINGDOM,-0.05150092052414668,GBP
2015-07-31,UNITED KINGDOM,0.0221418421434687,GBP
2015-08-28,UNITED KINGDOM,-0.0553896793616423,GBP
2015-09-30,UNITED KINGDOM,-0.01866550137400302,GBP
2015-10-30,UNITED KINGDOM,0.04085799958092373,GBP
2015-11-30,UNITED KINGDOM,0.006155548988971082,GBP
2015-12-31,UNITED KINGDOM,-0.01261995094218071,GBP
2016-01-29,UNITED KINGDOM,-0.03055206470720717,GBP
2016-02-29,UNITED KINGDOM,0.0003197578542339929,GBP
2016-03-31,UNITED KINGDOM,0.01281512179143829,GBP
2016-04-29,UNITED KINGDOM,0.006875057224421166,GBP
2016-05-31,UNITED KINGDOM,0.008963156922546567,GBP
2016-06-30,UNITED KINGDOM,0.009664205617110566,GBP
2016-07-29,UNITED KINGDOM,0.03986077619107342,GBP
2016-08-31,UNITED KINGDOM,0.02093999076503561,GBP
2016-09-30,UNITED KINGDOM,0.009580293677179386,GBP
2016-10-31,UNITED KINGDOM,-0.0002989787241554076,GBP
2016-11-30,UNITED KINGDOM,-0.02398758185575012,GBP
2016-12-30,UNITED KINGDOM,0.04989849931102985,GBP
2017-01-31,UNITED KINGDOM,-0.001758490839202653,GBP
2017-02-28,UNITED KINGDOM,0.03311076935488266,GBP
2017-03-31,UNITED KINGDOM,0.01304507746172767,GBP
2017-04-28,UNITED KINGDOM,0.00140940864771788,GBP
2017-05-31,UNITED KINGDOM,0.04545334157893799,GBP
2017-06-30,UNITED KINGDOM,-0.02856204173905774,GBP
2017-07-31,UNITED KINGDOM,0.009946117204547189,GBP
2017-08-31,UNITED KINGDOM,0.01344471224434707,GBP
2017-09-29,UNITED KINGDOM,-0.003561923762376296,GBP
2017-10-31,UNITED KINGDOM,0.01554241963836644,GBP
2017-11-30,UNITED KINGDOM,-0.01892054170620516,GBP
2017-12-29,UNITED KINGDOM,0.04393419801784448,GBP
2018-01-31,UNITED KINGDOM,-0.01975455345975019,GBP
2018-02-28,UNITED KINGDOM,-0.02958260541579949,GBP
2018-03-29,UNITED KINGDOM,-0.01891309429791088,GBP
2018-04-30,UNITED KINGDOM,0.05951390055510108,GBP
2018-05-31,UNITED KINGDOM,0.02371139325836946,GBP
2018-06-29,UNITED KINGDOM,-0.00196557715441148,GBP
2018-07-31,UNITED KINGDOM,0.01348330354676786,GBP
2018-08-31,UNITED KINGDOM,-0.02872712857349136,GBP
2018-09-28,UNITED KINGDOM,0.005592276514771122,GBP
2018-10-31,UNITED KINGDOM,-0.05376872562023349,GBP
2018-11-30,UNITED KINGDOM,-0.01677759155124126,GBP
2018-12-31,UNITED KINGDOM,-0.04204721778004938,GBP
2019-01-31,UNITED KINGDOM,0.04578879629648225,GBP
2019-02-28,UNITED KINGDOM,0.02689203925755068,GBP
2019-03-29,UNITED KINGDOM,0.02851538604749559,GBP
2019-04-30,UNITED KINGDOM,0.02434868977530202,GBP
2019-05-31,UNITED KINGDOM,-0.03031849859112268,GBP
2019-06-28,UNITED KINGDOM,0.03172523219843937,GBP
2019-07-31,UNITED KINGDOM,0.01891410918792635,GBP
2019-08-30,UNITED KINGDOM,-0.03431996200111509,GBP
2019-09-30,UNITED KINGDOM,0.0311525881576642,GBP
2019-10-31,UNITED KINGDOM,-0.01008326244588775,GBP
2019-11-29,UNITED KINGDOM,0.02281685050011695,GBP
2019-12-31,UNITED KINGDOM,0.03491568805332057,GBP
2020-01-31,UNITED KINGDOM,-0.02894290476035966,GBP
2020-02-28,UNITED KINGDOM,-0.09015991680379964,GBP
2020-03-31,UNITED KINGDOM,-0.1497464734112967,GBP
2020-04-30,UNITED KINGDOM,0.04978952420449234,GBP
2020-05-29,UNITED KINGDOM,0.03104429652100604,GBP
2020-06-30,UNITED KINGDOM,0.01351534255319331,GBP
2020-07-31,UNITED KINGDOM,-0.03477734693546219,GBP
2020-08-28,UNITED KINGDOM,0.02239868438741155,GBP
2020-09-30,UNITED KINGDOM,-0.0136616434230169,GBP
2020-10-30,UNITED KINGDOM,-0.03520838972405649,GBP
2020-11-30,UNITED KINGDOM,0.123021161739806,GBP
2020-12-31,UNITED KINGDOM,0.03743701703802427,GBP
2021-01-29,UNITED KINGDOM,-0.006340360349107121,GBP
2021-02-26,UNITED KINGDOM,0.01677102591221358,GBP
2021-03-31,UNITED KINGDOM,0.04859078727813082,GBP
2021-04-30,UNITED KINGDOM,0.04295115983117315,GBP
2021-05-28,UNITED KINGDOM,0.01313796232645004,GBP
2021-06-30,UNITED KINGDOM,-0.0006295888178076137,GBP
2021-07-30,UNITED KINGDOM,0.008069947762679774,GBP
2021-08-31,UNITED KINGDOM,0.02203610705754189,GBP
2021-09-30,UNITED KINGDOM,-0.01585854520204077,GBP
2021-10-29,UNITED KINGDOM,0.01182949253103627,GBP
2021-11-30,UNITED KINGDOM,-0.017802086863414,GBP
2021-12-31,UNITED KINGDOM,0.04145073466204319,GBP
2022-01-31,UNITED KINGDOM,-0.005734999363279147,GBP
2022-02-28,UNITED KINGDOM,-0.0089805956215957,GBP
2022-03-31,UNITED KINGDOM,0.01487252816679341,GBP
2022-04-29,UNITED KINGDOM,0.0002329201937389946,GBP
2022-05-31,UNITED KINGDOM,0.003174434256757896,GBP
2022-06-30,UNITED KINGDOM,-0.05412303630792226,GBP
2022-07-29,UNITED KINGDOM,0.04064703968601235,GBP
2022-08-31,UNITED KINGDOM,-0.02237647573293988,GBP
2022-09-30,UNITED KINGDOM,-0.06166993221768147,GBP
2022-10-31,UNITED KINGDOM,0.0303679925194642,GBP
2022-11-30,UNITED KINGDOM,0.06927897678017514,GBP
2022-12-30,UNITED KINGDOM,-0.01488529042653752,GBP
2023-01-31,UNITED KINGDOM,0.04298814716711163,GBP
2023-02-28,UNITED KINGDOM,0.02001641457493064,GBP
2023-03-31,UNITED KINGDOM,-0.02958511736506275,GBP
2023-04-28,UNITED KINGDOM,0.03100561336578989,GBP
2023-05-31,UNITED KINGDOM,-0.04699274454590163,GBP
2023-06-30,UNITED KINGDOM,0.004856388293250635,GBP
2023-07-31,UNITED KINGDOM,0.02571322464078252,GBP
2023-08-31,UNITED KINGDOM,-0.02173206084250612,GBP
2023-09-29,UNITED KINGDOM,0.02213652557837475,GBP
2023-10-31,UNITED KINGDOM,-0.04184490140798924,GBP
2023-11-30,UNITED KINGDOM,0.02859182314045272,GBP
2023-12-29,UNITED KINGDOM,0.04403975618061939,GBP
2024-01-31,UNITED KINGDOM,-0.01189376051047719,GBP
2024-02-29,UNITED KINGDOM,0.005376464783233503,GBP
2024-03-28,UNITED KINGDOM,0.04686661827789473,GBP
2024-04-30,UNITED KINGDOM,0.02659211782507365,GBP
2024-05-31,UNITED KINGDOM,0.02651491577269116,GBP
2024-06-28,UNITED KINGDOM,-0.01660321925134289,GBP
2024-07-31,UNITED KINGDOM,0.03343328693691605,GBP
2024-08-30,UNITED KINGDOM,0.008425214425781258,GBP
2024-09-30,UNITED KINGDOM,-0.01715443982226739,GBP
2024-10-31,UNITED KINGDOM,-0.01710396077442078,GBP
2024-11-29,UNITED KINGDOM,0.02611144720836323,GBP
2024-12-31,UNITED KINGDOM,-0.01138121964066507,GBP
2002-04-30,JAPAN,0.02058597869876388,JPY
2002-05-31,JAPAN,0.03598727851664862,JPY
2002-06-28,JAPAN,-0.08376444204008204,JPY
2002-07-31,JAPAN,-0.05772012111939795,JPY
2002-08-30,JAPAN,-0.02441095441248264,JPY
2002-09-30,JAPAN,-0.02120026726877156,JPY
2002-10-31,JAPAN,-0.06118586279692029,JPY
2002-11-29,JAPAN,0.03391087762946787,JPY
2002-12-30,JAPAN,-0.05321503668916838,JPY
2003-01-31,JAPAN,-0.02579615219964237,JPY
2003-02-28,JAPAN,-0.002948054007509415,JPY
2003-03-31,JAPAN,-0.03083690177978415,JPY
2003-04-30,JAPAN,0.01519538214209915,JPY
2003-05-30,JAPAN,0.04954953392855055,JPY
2003-06-30,JAPAN,0.07753604814325721,JPY
2003-07-31,JAPAN,0.04077719837508864,JPY
2003-08-29,JAPAN,0.06443422856500458,JPY
2003-09-30,JAPAN,0.02538287676052264,JPY
2003-10-31,JAPAN,0.02622454779219408,JPY
2003-11-28,JAPAN,-0.03910687848686401,JPY
2003-12-30,JAPAN,0.04256795482010611,JPY
2004-01-30,JAPAN,0.005508228270100668,JPY
2004-02-27,JAPAN,0.03195068397335188,JPY
2004-03-31,JAPAN,0.09767678460873874,JPY
2004-04-30,JAPAN,0.02792445396394383,JPY
2004-05-31,JAPAN,-0.03964223330639005,JPY
2004-06-30,JAPAN,0.04680897847468857,JPY
2004-07-30,JAPAN,-0.04491408636463656,JPY
2004-08-31,JAPAN,-0.009022329989198608,JPY
2004-09-30,JAPAN,-0.0233058755798734,JPY
2004-10-29,JAPAN,-0.01592592609097465,JPY
2004-11-30,JAPAN,0.01287754195136626,JPY
2004-12-30,JAPAN,0.04783883196987304,JPY
2005-01-31,JAPAN,-0.001237731261472308,JPY
2005-02-28,JAPAN,0.02560102046795332,JPY
2005-03-31,JAPAN,0.01084696886783765,JPY
2005-04-28,JAPAN,-0.04178515841603969,JPY
2005-05-31,JAPAN,0.01167153365940643,JPY
2005-06-30,JAPAN,0.0302023489853418,JPY
2005-07-28,JAPAN,0.01635427676359158,JPY
2005-08-30,JAPAN,0.05301445368974922,JPY
2005-09-29,JAPAN,0.1224710435452152,JPY
2005-10-31,JAPAN,0.02415429104559541,JPY
2005-11-30,JAPAN,0.06289544548906556,JPY
2005-12-30,JAPAN,0.07863226741912888,JPY
2006-01-31,JAPAN,0.03267589622651701,JPY
2006-02-28,JAPAN,-0.03312175708306808,JPY
2006-03-31,JAPAN,0.04734918137907318,JPY
2006-04-28,JAPAN,-0.009519285253269727,JPY
2006-05-31,JAPAN,-0.0789468360794221,JPY
2006-06-30,JAPAN,0.002371379696071818,JPY
2006-07-31,JAPAN,-0.01528777953526317,JPY
2006-08-31,JAPAN,0.04124096505422337,JPY
2006-09-29,JAPAN,-0.009553525465833879,JPY
2006-10-31,JAPAN,0.005942988321030906,JPY
2006-11-30,JAPAN,-0.008700433632874316,JPY
2006-12-29,JAPAN,0.04779497212302264,JPY
2007-01-31,JAPAN,0.02429742645233079,JPY
2007-02-28,JAPAN,0.01611990374733319,JPY
2007-03-30,JAPAN,-0.01526081798621692,JPY
2007-04-27,JAPAN,-0.00962049017118849,JPY
2007-05-31,JAPAN,0.02777699519018673,JPY
2007-06-29,JAPAN,0.01060024689198635,JPY
2007-07-31,JAPAN,-0.03999494793028524,JPY
2007-08-31,JAPAN,-0.05477861907733639,JPY
2007-09-28,JAPAN,0.009576893026242761,JPY
2007-10-31,JAPAN,0.00797779145652866,JPY
2007-11-30,JAPAN,-0.0544867547251886,JPY
2007-12-28,JAPAN,-0.03291357652597504,JPY
2008-01-31,JAPAN,-0.09264698173577524,JPY
2008-02-29,JAPAN,-0.01378664952170539,JPY
2008-03-31,JAPAN,-0.07132342309458717,JPY
2008-04-30,JAPAN,0.1065605851661469,JPY
2008-05-30,JAPAN,0.03773980938971078,JPY
2008-06-30,JAPAN,-0.06028088002925858,JPY
2008-07-31,JAPAN,-0.01312037735665561,JPY
2008-08-29,JAPAN,-0.03415788446649626,JPY
2008-09-30,JAPAN,-0.12596273381579,JPY
2008-10-31,JAPAN,-0.1984944431356649,JPY
2008-11-28,JAPAN,-0.02917942242587557,JPY
2008-12-30,JAPAN,0.03139496001725073,JPY
2009-01-30,JAPAN,-0.07748264785744563,JPY
2009-02-27,JAPAN,-0.04409047333704674,JPY
2009-03-31,JAPAN,0.0286618947009385,JPY
2009-04-30,JAPAN,0.07644254694193431,JPY
2009-05-29,JAPAN,0.07106266679701956,JPY
2009-06-30,JAPAN,0.03970316827642795,JPY
2009-07-31,JAPAN,0.02379883942596872,JPY
2009-08-31,JAPAN,0.01644397432161471,JPY
2009-09-30,JAPAN,-0.04373427670575192,JPY
2009-10-30,JAPAN,-0.0192044655454543,JPY
2009-11-30,JAPAN,-0.06106824522456378,JPY
2009-12-30,JAPAN,0.08055016235403012,JPY
2010-01-29,JAPAN,-0.006911166480977005,JPY
2010-02-26,JAPAN,-0.0071074138976428,JPY
2010-03-31,JAPAN,0.1009952766754407,JPY
2010-04-30,JAPAN,0.009607219953741586,JPY
2010-05-31,JAPAN,-0.1047934535192688,JPY
2010-06-30,JAPAN,-0.03672453521445762,JPY
2010-07-30,JAPAN,0.00779146842569034,JPY
2010-08-31,JAPAN,-0.0511844220673302,JPY
2010-09-30,JAPAN,0.03823822115701936,JPY
2010-10-29,JAPAN,-0.0238760336344731,JPY
2010-11-30,JAPAN,0.06116576201457491,JPY
2010-12-30,JAPAN,0.04426997367381991,JPY
2011-01-31,JAPAN,0.0138522131383858,JPY
2011-02-28,JAPAN,0.04439564312070576,JPY
2011-03-31,JAPAN,-0.07159121692859882,JPY
2011-04-28,JAPAN,-0.01594858134585064,JPY
2011-05-31,JAPAN,-0.01214897927571479,JPY
2011-06-30,JAPAN,0.01299044166297159,JPY
2011-07-29,JAPAN,-0.008533093748772203,JPY
2011-08-31,JAPAN,-0.07655946126544466,JPY
2011-09-30,JAPAN,0.0005913728825581721,JPY
2011-10-31,JAPAN,0.00160521009391168,JPY
2011-11-30,JAPAN,-0.04546070362104482,JPY
2011-12-30,JAPAN,0.004347946369446909,JPY
2012-01-31,JAPAN,0.03168244978486667,JPY
2012-02-29,JAPAN,0.1013296976974969,JPY
2012-03-30,JAPAN,0.03550405179922711,JPY
2012-04-27,JAPAN,-0.05371795064920704,JPY
2012-05-31,JAPAN,-0.1003443976493144,JPY
2012-06-29,JAPAN,0.06743007349797026,JPY
2012-07-31,JAPAN,-0.03898933631532542,JPY
2012-08-31,JAPAN,-0.00314602268851083,JPY
2012-09-28,JAPAN,0.01742886960348611,JPY
2012-10-31,JAPAN,0.005205250739477085,JPY
2012-11-30,JAPAN,0.0500403105440963,JPY
2012-12-28,JAPAN,0.09228988248043302,JPY
2013-01-31,JAPAN,0.09543249194694314,JPY
2013-02-28,JAPAN,0.03970061587102247,JPY
2013-03-29,JAPAN,0.07585781688985782,JPY
2013-04-30,JAPAN,0.1234464902304091,JPY
2013-05-31,JAPAN,-0.02544585726697668,JPY
2013-06-28,JAPAN,-0.002419797551629577,JPY
2013-07-31,JAPAN,1.205075703802905e-05,JPY
2013-08-30,JAPAN,-0.02299205272535809,JPY
2013-09-30,JAPAN,0.08924134440253817,JPY
2013-10-31,JAPAN,-0.001404322519896417,JPY
2013-11-29,JAPAN,0.05184552443078427,JPY
2013-12-30,JAPAN,0.03578836099455174,JPY
2014-01-31,JAPAN,-0.05690348204333839,JPY
2014-02-28,JAPAN,-0.00638513040996358,JPY
2014-03-31,JAPAN,0.001437591082448453,JPY
2014-04-30,JAPAN,-0.03182009445375322,JPY
2014-05-30,JAPAN,0.03406571140510417,JPY
2014-06-30,JAPAN,0.05141377928438295,JPY
2014-07-31,JAPAN,0.02200373544332557,JPY
2014-08-29,JAPAN,-0.008005579445035993,JPY
2014-09-30,JAPAN,0.04217635711028422,JPY
2014-10-31,JAPAN,0.004910841745308536,JPY
2014-11-28,JAPAN,0.05495765652676265,JPY
2014-12-30,JAPAN,0.001108286825223903,JPY
2015-01-30,JAPAN,0.008028929214819458,JPY
2015-02-27,JAPAN,0.07296168587186713,JPY
2015-03-31,JAPAN,0.02230391146909971,JPY
2015-04-30,JAPAN,0.02895344245794895,JPY
2015-05-29,JAPAN,0.04836306147202096,JPY
2015-06-30,JAPAN,-0.02126103376684518,JPY
2015-07-31,JAPAN,0.02094321309484481,JPY
2015-08-31,JAPAN,-0.07353283802689992,JPY
2015-09-30,JAPAN,-0.07149112063377305,JPY
2015-10-30,JAPAN,0.0998356502202562,JPY
2015-11-30,JAPAN,0.0178958119239121,JPY
2015-12-30,JAPAN,-0.01784177501271733,JPY
2016-01-29,JAPAN,-0.06660464274801425,JPY
2016-02-29,JAPAN,-0.08689401449675815,JPY
2016-03-31,JAPAN,0.04821863706832596,JPY
2016-04-28,JAPAN,-0.006295885046769811,JPY
2016-05-31,JAPAN,0.02950952476068469,JPY
2016-06-30,JAPAN,-0.08989992054033624,JPY
2016-07-29,JAPAN,0.05815700666540558,JPY
2016-08-31,JAPAN,-0.0003820731521639864,JPY
2016-09-30,JAPAN,0.005753389893120575,JPY
2016-10-31,JAPAN,0.0492561418373556,JPY
2016-11-30,JAPAN,0.04933474586992359,JPY
2016-12-30,JAPAN,0.03620263960996373,JPY
2017-01-31,JAPAN,0.00102483840728107,JPY
2017-02-28,JAPAN,0.009486457747723831,JPY
2017-03-31,JAPAN,-0.004070828931329373,JPY
2017-04-28,JAPAN,0.01166228518937862,JPY
2017-05-31,JAPAN,0.02429142595708189,JPY
2017-06-30,JAPAN,0.02646119820526605,JPY
2017-07-31,JAPAN,0.00407875714524919,JPY
2017-08-31,JAPAN,0.0006028803201398869,JPY
2017-09-29,JAPAN,0.04067848746603775,JPY
2017-10-31,JAPAN,0.05154082100857482,JPY
2017-11-30,JAPAN,0.0174093251430274,JPY
2017-12-29,JAPAN,0.0142781742270135,JPY
2018-01-31,JAPAN,0.01258999420488571,JPY
2018-02-28,JAPAN,-0.03572162134151535,JPY
2018-03-30,JAPAN,-0.01744061117005502,JPY
2018-04-27,JAPAN,0.03361769379883328,JPY
2018-05-31,JAPAN,-0.0160586096536236,JPY
2018-06-29,JAPAN,-0.007032350822564815,JPY
2018-07-31,JAPAN,0.01072708311470971,JPY
2018-08-31,JAPAN,-0.009333034470692336,JPY
2018-09-28,JAPAN,0.0536017229910275,JPY
2018-10-31,JAPAN,-0.09180596540528507,JPY
2018-11-30,JAPAN,0.02648646063452764,JPY
2018-12-28,JAPAN,-0.1008709686293309,JPY
2019-01-31,JAPAN,0.0472088629218208,JPY
2019-02-28,JAPAN,0.02732853946257263,JPY
2019-03-29,JAPAN,0.0009266095000493024,JPY
2019-04-26,JAPAN,0.01759619002828217,JPY
2019-05-31,JAPAN,-0.06114936821724692,JPY
2019-06-28,JAPAN,0.0251832772634748,JPY
2019-07-31,JAPAN,0.01113128719527556,JPY
2019-08-30,JAPAN,-0.03146918472876747,JPY
2019-09-30,JAPAN,0.05720597168289476,JPY
2019-10-31,JAPAN,0.04841532152944161,JPY
2019-11-29,JAPAN,0.02084999541801014,JPY
2019-12-30,JAPAN,0.01298284808547145,JPY
2020-01-31,JAPAN,-0.02061373656034204,JPY
2020-02-28,JAPAN,-0.1002470363119968,JPY
2020-03-31,JAPAN,-0.05955758674639422,JPY
2020-04-30,JAPAN,0.04381942649886605,JPY
2020-05-29,JAPAN,0.06878917089250725,JPY
2020-06-30,JAPAN,-0.0003159412695270536,JPY
2020-07-31,JAPAN,-0.03773811778168767,JPY
2020-08-31,JAPAN,0.07856728475194719,JPY
2020-09-30,JAPAN,0.01645425942901046,JPY
2020-10-30,JAPAN,-0.02702605104010181,JPY
2020-11-30,JAPAN,0.104915829586351,JPY
2020-12-30,JAPAN,0.03044228774201718,JPY
2021-01-29,JAPAN,0.002985701445921585,JPY
2021-02-26,JAPAN,0.02935465289563144,JPY
2021-03-31,JAPAN,0.05348429195381343,JPY
2021-04-30,JAPAN,-0.02718328650622948,JPY
2021-05-31,JAPAN,0.011408365331248,JPY
2021-06-30,JAPAN,0.01497105082580563,JPY
2021-07-30,JAPAN,-0.02312629861010107,JPY
2021-08-31,JAPAN,0.03141622482398621,JPY
2021-09-30,JAPAN,0.04223831145365042,JPY
2021-10-29,JAPAN,-0.01327752952989092,JPY
2021-11-30,JAPAN,-0.03644856419303566,JPY
2021-12-30,JAPAN,0.03035982230675005,JPY
2022-01-31,JAPAN,-0.05070202601624452,JPY
2022-02-28,JAPAN,-0.005299245316249479,JPY
2022-03-31,JAPAN,0.04294930963829779,JPY
2022-04-28,JAPAN,-0.02240085003606818,JPY
2022-05-31,JAPAN,0.003633808524062365,JPY
2022-06-30,JAPAN,-0.01674660988532384,JPY
2022-07-29,JAPAN,0.03871871507937374,JPY
2022-08-31,JAPAN,0.01208840623344387,JPY
2022-09-30,JAPAN,-0.05290565904751909,JPY
2022-10-31,JAPAN,0.04968858631570439,JPY
2022-11-30,JAPAN,0.02503315620814517,JPY
2022-12-30,JAPAN,-0.04584230899689323,JPY
2023-01-31,JAPAN,0.04056394345350722,JPY
2023-02-28,JAPAN,0.009600802414732712,JPY
2023-03-31,JAPAN,0.01649273859558043,JPY
2023-04-28,JAPAN,0.02746500003918384,JPY
2023-05-31,JAPAN,0.03179333015143593,JPY
2023-06-30,JAPAN,0.07537674038437592,JPY
2023-07-31,JAPAN,0.01468682879032013,JPY
2023-08-31,JAPAN,0.004609763183682558,JPY
2023-09-29,JAPAN,0.004801558921174953,JPY
2023-10-31,JAPAN,-0.02939936795942366,JPY
2023-11-30,JAPAN,0.05424595697449686,JPY
2023-12-29,JAPAN,-0.003045414804955904,JPY
2024-01-31,JAPAN,0.07332214800254389,JPY
2024-02-29,JAPAN,0.0486628220755243,JPY
2024-03-29,JAPAN,0.04282468026859099,JPY
2024-04-30,JAPAN,-0.01441763382752204,JPY
2024-05-31,JAPAN,0.005317867163967316,JPY
2024-06-28,JAPAN,0.01509480670736374,JPY
2024-07-31,JAPAN,-0.004150419697098617,JPY
2024-08-30,JAPAN,-0.02440445822036996,JPY
2024-09-30,JAPAN,-0.01424464023652106,JPY
2024-10-31,JAPAN,0.01697475789742575,JPY
2024-11-29,JAPAN,-0.007304051494854025,JPY
2024-12-30,JAPAN,0.04127879738595563,JPY
